date;patchID;locality;long;lat;alt;elevation;width;length;canopy;area;speciesRichness;multiMono;dominantSpecies;habitat;distance;system;HIC
sept.-22;1;Alfacada1;0,831888998;40,67327564;50,487;0,012;70;170;70;1,19;1;Mono;CAK;PioneerDune;40;limited ;1220
sept.-22;2;Alfacada1;0,831916748;40,67321349;50,487;0,072;50;50;30;0,25;1;Mono;CAK;PioneerDune;40;limited ;1220
sept.-22;3;Alfacada1;0,831855987;40,67319336;50,487;0,128;80;85;40;0,68;1;Mono;CAK;PioneerDune;40;limited ;1220
sept.-22;4;Alfacada1;0,83183642;40,6731609;50,487;0,248;120;200;15;2,4;1;Mono;SPO;PioneerDune;40;limited ;1220
sept.-22;5;Alfacada1;0,831814805;40,67310232;50,487;0,031;35;40;25;0,14;1;Mono;SALS;PioneerDune;40;limited ;1220
sept.-22;6;Alfacada1;0,831806692;40,67300627;50,487;0,114;15;15;50;0,0225;1;Mono;AMM;Dune;40;limited ;1220
sept.-22;7;Alfacada1;0,831759633;40,67297914;50,487;0,313;10;30;30;0,03;2;Multi;CAK;PioneerDune;40;limited ;1220
sept.-22;8;Alfacada1;0,83166711;40,67287762;50,487;0,427;20;30;25;0,06;3;Multi;CAK;PioneerDune;40;limited ;1220
sept.-22;9;Alfacada1;0,831592912;40,6729087;50,487;0,183;15;18;25;0,027;3;Multi;SPO;PioneerDune;40;limited ;1220
sept.-22;10;Alfacada1;0,831519363;40,67287537;50,487;0,034;8;10;8;0,008;1;Mono;SALS;PioneerDune;40;limited ;1220
sept.-22;11;Alfacada1;0,831504108;40,67295382;50,487;0,095;80;100;45;0,8;1;Mono;CAK;PioneerDune;40;limited ;1220
sept.-22;12;Alfacada1;0,831543683;40,67297414;50,487;0,263;18;21;5;0,0378;2;Multi;CAK;PioneerDune;40;limited ;1220
sept.-22;13;Alfacada1;0,83152311;40,67298223;50,487;0,175;15;15;45;0,0225;2;Multi;CAK;PioneerDune;40;limited ;1220
sept.-22;14;Alfacada1;0,831574792;40,67302093;50,487;0,098;15;25;30;0,0375;1;Mono;CAK;PioneerDune;40;limited ;1220
sept.-22;15;Alfacada1;0,831652123;40,67309381;50,487;0,093;18;18;40;0,0324;1;Mono;CAK;PioneerDune;40;limited ;1220
sept.-22;16;Alfacada1;0,83171344;40,67315545;50,487;0,412;10;20;40;0,02;2;Multi;AMM;Dune;40;limited ;1220
sept.-22;17;Alfacada1;0,831705295;40,67318192;50,487;0,142;10;11;30;0,011;1;Mono;CAK;PioneerDune;40;limited ;1220
sept.-22;18;Alfacada1;0,831479698;40,67298421;50,487;0,118;15;15;35;0,0225;1;Mono;CAK;PioneerDune;40;limited ;1220
sept.-22;19;Alfacada1;0,831448572;40,67296366;50,487;0,042;60;80;20;0,48;1;Mono;CAK;PioneerDune;40;limited ;1220
sept.-22;20;Alfacada1;0,831469697;40,67295362;50,487;0,017;30;50;15;0,15;1;Mono;CAK;PioneerDune;40;limited ;1220
sept.-22;21;Alfacada1;0,831458967;40,67292851;50,487;0,01;30;20;15;0,06;1;Mono;CAK;PioneerDune;40;limited ;1220
sept.-22;22;Alfacada1;0,831449517;40,67293183;50,487;0,012;15;18;5;0,027;1;Mono;CAK;PioneerDune;40;limited ;1220
sept.-22;23;Alfacada1;0,831452277;40,67291206;50,487;0,106;50;50;25;0,25;2;Multi;SALS;PioneerDune;40;limited ;1220
sept.-22;24;Alfacada1;0,831420128;40,67288517;50,487;0,05;35;35;15;0,1225;1;Mono;CAK;PioneerDune;40;limited ;1220
sept.-22;25;Alfacada1;0,831412282;40,67287342;50,487;0,022;10;10;8;0,01;1;Mono;SALS;PioneerDune;40;limited ;1220
jul.-22;26;Eucalipto;0,784086128;40,65480406;50,487;0,217;180;300;20;5,4;2;Multi;SALI;DuneDepressions;300;limited ;1420
jul.-22;27;Eucalipto;0,784119743;40,65476893;50,487;0,29;150;200;20;3;1;Mono;SARCO;DuneDepressions;300;limited ;1420
jul.-22;28;Eucalipto;0,784156902;40,65473531;50,487;0,133;170;200;20;3,4;1;Mono;SARCO;DuneDepressions;300;limited ;1420
jul.-22;29;Eucalipto;0,784193435;40,65472852;50,487;0,307;170;250;20;4,25;1;Mono;SARCO;DuneDepressions;300;limited ;1420
jul.-22;30;Eucalipto;0,78448693;40,6551978;50,487;0,015;150;250;20;3,75;1;Mono;SALI;DuneDepressions;300;limited ;1420
jul.-22;31;Eucalipto;0,784475775;40,65521115;50,487;0,256;170;180;20;3,06;1;Mono;SARCO;DuneDepressions;300;limited ;1420
jul.-22;32;Eucalipto;0,784474118;40,65522324;50,487;0,11;60;60;20;0,36;1;Mono;SALI;DuneDepressions;300;limited ;1420
jul.-22;33;Eucalipto;0,784463373;40,65522946;50,487;0,047;40;70;20;0,28;1;Mono;SALI;DuneDepressions;300;limited ;1420
jul.-22;34;Eucalipto;0,784480855;40,65527442;50,487;0,27;157;220;20;3,454;2;Multi;SALI;DuneDepressions;300;limited ;1420
jul.-22;35;Eucalipto;0,784411415;40,65532651;50,487;0,154;80;80;20;0,64;1;Mono;SALI;DuneDepressions;300;limited ;1420
jul.-22;36;Eucalipto;0,784422313;40,65533946;50,487;0,008;35;50;20;0,175;1;Mono;SARCO;DuneDepressions;300;limited ;1420
jul.-22;37;Eucalipto;0,784458087;40,65539907;50,487;0,208;127;240;20;3,048;3;Multi;SARCO;DuneDepressions;300;limited ;1420
jul.-22;38;Eucalipto;0,784488573;40,65542681;50,487;0,118;80;120;20;0,96;1;Mono;SALI;DuneDepressions;300;limited ;1420
jul.-22;39;Eucalipto;0,78452811;40,65543497;50,487;0,222;150;320;20;4,8;3;Multi;SARCO;DuneDepressions;300;limited ;1420
jul.-22;40;Eucalipto;0,784659572;40,65548192;50,487;0,069;55;75;20;0,4125;1;Mono;SALI;DuneDepressions;300;limited ;1420
jul.-22;41;Eucalipto;0,784650307;40,65548563;50,487;0,049;70;90;20;0,63;1;Mono;SARCO;DuneDepressions;300;limited ;1420
jul.-22;42;Eucalipto;0,784591268;40,65548128;50,487;0,268;210;260;20;5,46;5;Multi;SALI;DuneDepressions;300;limited ;1420
jul.-22;43;Eucalipto;0,784607355;40,65545008;50,487;0,007;8;10;20;0,008;1;Mono;SALI;DuneDepressions;300;limited ;1420
jul.-22;44;Eucalipto;0,784618772;40,65542182;50,487;0,011;20;30;20;0,06;1;Mono;SARCO;DuneDepressions;300;limited ;1420
jul.-22;45;Eucalipto;0,78466399;40,65541775;50,487;0,058;60;50;20;0,3;1;Mono;SALI;DuneDepressions;300;limited ;1420
jul.-22;46;Eucalipto;0,784671967;40,65542142;50,487;0,049;40;50;20;0,2;1;Mono;SALI;DuneDepressions;300;limited ;1420
jul.-22;47;Eucalipto;0,784677842;40,65541136;50,487;0,054;60;50;20;0,3;1;Mono;SARCO;DuneDepressions;300;limited ;1420
jul.-22;48;Eucalipto;0,784656468;40,65540747;50,487;0,09;80;80;20;0,64;1;Mono;SARCO;DuneDepressions;300;limited ;1420
jul.-22;49;Eucalipto;0,78465487;40,65533728;50,487;0,192;300;210;20;6,3;5;Multi;SALI;DuneDepressions;300;limited ;1420
jul.-22;50;Eucalipto;0,784817023;40,65526229;50,487;0,23;280;200;20;5,6;4;Multi;SALI;DuneDepressions;300;limited ;1420
jul.-22;51;Eucalipto;0,785089427;40,65511394;50,487;0,334;180;440;20;7,92;1;Mono;SARCO;DuneDepressions;300;limited ;1420
jul.-22;52;Eucalipto;0,78503493;40,65509913;50,487;0,299;120;120;20;1,44;3;Multi;SALI;DuneDepressions;300;limited ;1420
sept.-22;53;Alfacada1;0,83146488;40,67273379;50,487;0,092;50;60;30;0,3;2;Multi;CAK;PioneerDune;40;limited ;1220
sept.-22;54;Alfacada1;0,83146793;40,67270354;50,445;0,018;30;50;30;0,15;1;Mono;CAK;PioneerDune;40;limited ;1220
sept.-22;55;Alfacada1;0,83141952;40,67259047;50,536;0,156;60;150;30;0,9;2;Multi;CAK;PioneerDune;40;limited ;1220
sept.-22;56;Alfacada1;0,83135189;40,67261787;50,426;0,015;20;30;20;0,06;2;Multi;CAK;PioneerDune;40;limited ;1220
sept.-22;57;Alfacada1;0,83134359;40,67268782;50,643;0,281;120;120;40;1,44;2;Multi;SALS;PioneerDune;40;limited ;1220
sept.-22;58;Alfacada1;0,83137552;40,67271409;50,482;0,016;20;30;15;0,06;2;Multi;CAK;PioneerDune;40;limited ;1220
sept.-22;59;Alfacada1;0,83136283;40,67274323;50,768;0,186;40;150;20;0,6;2;Multi;CAK;PioneerDune;40;limited ;1220
sept.-22;60;Alfacada1;0,83126564;40,67273835;50,769;0,194;40;150;25;0,6;1;Mono;SALS;PioneerDune;40;limited ;1220
febr.-23;61;Marquesa1;0,78755845;40,77055982;52,66;0,053;30;40;37;0,12;1;Mono;AMM;Dune;150;limited ;1210
febr.-23;62;Marquesa1;0,78752256;40,77057178;52,632;0,06;40;64;48;0,256;1;Mono;AMM;Dune;150;limited ;1210
febr.-23;63;Marquesa1;0,78752492;40,7705926;52,364;0,108;25;40;55;0,1;1;Mono;AMM;Dune;150;limited ;1210
febr.-23;64;Marquesa1;0,78743263;40,77063148;52,362;0,075;45;80;35;0,36;1;Mono;AMM;Dune;150;limited ;1210
febr.-23;65;Marquesa1;0,78728735;40,77063307;51,851;0,153;35;50;60;0,175;1;Mono;AMM;Dune;150;limited ;1210
febr.-23;66;Marquesa1;0,78728659;40,77062281;51,909;0,162;60;75;40;0,45;2;Multi;AMM;Dune;150;limited ;1210
febr.-23;67;Marquesa1;0,78727533;40,7707029;51,811;0,115;40;52;15;0,208;1;Mono;CAK;Dune;150;limited ;1210
febr.-23;68;Marquesa1;0,78725039;40,77072795;51,566;0,025;16;18;8;0,0288;1;Mono;CAK;Dune;150;limited ;1210
febr.-23;69;Marquesa1;0,78725492;40,77075737;51,693;0,355;60;70;80;0,42;1;Mono;AMM;Dune;150;limited ;1210
febr.-23;70;Marquesa1;0,78730009;40,7708053;51,958;0,848;170;310;75;5,27;1;Mono;AMM;Dune;150;limited ;1210
febr.-23;71;Marquesa1;0,78713253;40,77086539;51,773;0,146;40;70;40;0,28;1;Mono;AMM;Dune;150;limited ;1210
febr.-23;72;Marquesa1;0,78709431;40,77089665;51,795;0,35;40;70;50;0,28;1;Mono;AMM;Dune;150;limited ;1210
febr.-23;73;Marquesa1;0,78707549;40,77094297;51,366;0,234;35;74;50;0,259;1;Mono;AMM;Dune;150;limited ;1210
febr.-23;74;Marquesa1;0,78705643;40,77094447;51,757;0,692;60;210;85;1,26;1;Mono;AMM;Dune;150;limited ;1210
febr.-23;75;Marquesa1;0,78700681;40,77099991;51,601;0,875;240;320;95;7,68;1;Mono;SALI;DuneDepressions;200;limited ;1150
febr.-23;76;Marquesa1;0,78700632;40,77107456;50,987;0,375;110;240;90;2,64;1;Mono;SALI;DuneDepressions;200;limited ;1150
febr.-23;77;Marquesa1;0,78695631;40,7710728;51,009;0,403;230;220;100;5,06;2;Multi;SALI;DuneDepressions;200;limited ;1150
febr.-23;78;Marquesa1;0,78693923;40,7709738;51,402;0,349;75;120;60;0,9;1;Mono;CAK;Dune;200;limited ;1210
febr.-23;79;Marquesa1;0,78688555;40,77098203;51,127;0,652;70;60;80;0,42;1;Mono;AMM;Dune;200;limited ;1210
febr.-23;80;Marquesa1;0,78684099;40,77100238;51,022;0,563;50;70;35;0,35;1;Mono;AMM;Dune;200;limited ;1210
febr.-23;81;Marquesa1;0,78680171;40,77100388;51,522;0,602;70;340;70;2,38;1;Mono;SALI;DuneDepressions;200;limited ;1150
febr.-23;82;Marquesa1;0,78677919;40,77100281;51,26;0,652;210;280;95;5,88;1;Mono;SALI;DuneDepressions;200;limited ;1150
febr.-23;83;Marquesa1;0,7867776;40,77106329;51,003;0,406;150;170;55;2,55;1;Mono;AMM;Dune;200;limited ;1210
febr.-23;84;Marquesa1;0,78673761;40,77114263;50,548;0,109;50;90;45;0,45;1;Mono;SALI;DuneDepressions;200;limited ;1150
febr.-23;85;Marquesa1;0,78671369;40,77115716;50,552;0,078;60;70;55;0,42;1;Mono;AMM;Dune;200;limited ;1210
febr.-23;86;Marquesa1;0,78667025;40,77116232;50,726;0,322;70;40;60;0,28;1;Mono;SALI;DuneDepressions;200;limited ;1150
febr.-23;87;Marquesa1;0,78662171;40,77115492;50,447;0,046;6;15;28;0,009;1;Mono;SALI;DuneDepressions;200;limited ;1150
febr.-23;88;Marquesa1;0,78654966;40,77115858;50,527;0,195;40;90;80;0,36;1;Mono;SALI;DuneDepressions;200;limited ;1150
febr.-23;89;Marquesa1;0,78652919;40,77111285;50,729;0,352;200;200;90;4;1;Mono;AMM;Dune;200;limited ;1210
febr.-23;90;Marquesa1;0,78652;40,77107838;50,721;0,392;110;110;60;1,21;1;Mono;AMM;Dune;150;limited ;1210
febr.-23;91;Marquesa1;0,78647149;40,77108494;50,613;0,245;80;75;40;0,6;1;Mono;SALI;DuneDepressions;150;limited ;1150
febr.-23;92;Marquesa1;0,78618674;40,77107218;50,844;0,568;150;290;60;4,35;1;Mono;AMM;Dune;150;limited ;1210
febr.-23;93;Marquesa1;0,78613041;40,77108216;50,376;0,046;25;35;30;0,0875;1;Mono;AMM;Dune;150;limited ;1210
febr.-23;94;Marquesa1;0,78607702;40,7710697;50,304;0,044;20;20;40;0,04;1;Mono;SALI;DuneDepressions;200;limited ;1150
febr.-23;95;Marquesa1;0,78604467;40,77108135;50,428;0,17;60;50;65;0,3;1;Mono;SALI;DuneDepressions;200;limited ;1150
febr.-23;96;Marquesa1;0,78601325;40,77116422;50,91;0,695;190;260;65;4,94;1;Mono;SALI;DuneDepressions;200;limited ;1150
febr.-23;97;Marquesa1;0,78582432;40,77127082;50,435;0,185;100;100;40;1;1;Mono;SALI;DuneDepressions;200;limited ;1150
febr.-23;98;Marquesa1;0,78578391;40,7712553;50,471;0,211;50;110;40;0,55;1;Mono;SALI;DuneDepressions;200;limited ;1150
febr.-23;99;Marquesa1;0,7857378;40,77126656;50,366;0,129;50;70;30;0,35;1;Mono;SALI;DuneDepressions;200;limited ;1150
febr.-23;100;Marquesa1;0,78577612;40,77132535;50,43;0,229;50;120;30;0,6;1;Mono;SALI;DuneDepressions;200;limited ;1150
febr.-23;101;Marquesa1;0,78515182;40,77140584;50,232;0,011;30;30;40;0,09;1;Mono;SALI;DuneDepressions;200;limited ;1150
febr.-23;102;Marquesa1;0,78508959;40,77157117;50,161;0,052;45;50;35;0,225;1;Mono;SALI;DuneDepressions;200;limited ;1150
febr.-23;103;Marquesa1;0,78504855;40,77149565;50,432;0,244;85;150;60;1,275;1;Mono;CAK;Dune;150;limited ;1210
febr.-23;104;Marquesa1;0,78609986;40,77075964;51,43;0,033;20;30;15;0,06;1;Mono;CAK;Dune;150;limited ;1210
febr.-23;105;Marquesa1;0,78637905;40,77071703;51,557;0,011;12;15;6;0,018;1;Mono;CAK;Dune;150;limited ;1210
febr.-23;106;Marquesa1;0,78641626;40,77071183;51,457;0,051;20;30;6;0,06;1;Mono;CAK;Dune;150;limited ;1210
febr.-23;107;Marquesa1;0,78680316;40,77058618;51,784;0,018;50;70;10;0,35;2;Multi;CAK;Dune;150;limited ;1210
febr.-23;108;Marquesa1;0,78685304;40,77059246;51,699;0,354;120;130;76;1,56;1;Mono;CAK;Dune;150;limited ;1210
febr.-23;109;Marquesa1;0,78688466;40,7705291;51,924;0,085;80;70;30;0,56;1;Mono;CAK;Dune;150;limited ;1210
febr.-23;110;Garxal;0,84450741;40,73097126;50,207;0,117;50;70;20;0,35;1;Mono;SUA;PioneerDune;80;limited ;1310
febr.-23;111;Garxal;0,84450026;40,73097001;50,125;0,033;25;25;25;0,0625;1;Mono;SUA;PioneerDune;80;limited ;1310
febr.-23;112;Garxal;0,84447963;40,73097453;50,131;0,032;20;40;18;0,08;1;Mono;SALI;PioneerDune;80;limited ;1310
febr.-23;113;Garxal;0,84445533;40,73096589;50,252;0,148;100;120;16;1,2;3;Multi;SUA;PioneerDune;80;limited ;1310
febr.-23;114;Garxal;0,84443414;40,7309148;50,179;0,036;20;22;40;0,044;1;Mono;SALI;PioneerDune;80;limited ;1310
febr.-23;115;Garxal;0,84427524;40,73085139;50,249;0,117;30;40;85;0,12;1;Mono;SALI;PioneerDune;80;limited ;1310
febr.-23;116;Garxal;0,84425694;40,73083962;50,2;0,044;10;13;10;0,013;1;Mono;SUA;PioneerDune;80;limited ;1310
febr.-23;117;Garxal;0,84425253;40,73084457;50,215;0,054;20;30;15;0,06;1;Mono;SUA;PioneerDune;80;limited ;1310
febr.-23;118;Garxal;0,84423228;40,73084598;50,348;0,173;20;80;25;0,16;1;Mono;SUA;PioneerDune;80;limited ;1310
febr.-23;119;Garxal;0,84415654;40,73082183;50,297;0,192;45;55;25;0,2475;1;Mono;SUA;PioneerDune;80;limited ;1310
febr.-23;120;Garxal;0,8441121;40,73082792;50,27;0,18;40;45;80;0,18;1;Mono;SARCO;PioneerDune;80;limited ;1310
febr.-23;121;Garxal;0,84399051;40,73083506;51,284;1,19;530;10;35;0,53;1;Mono;AMM;PioneerDune;80;limited ;1310
febr.-23;122;Garxal;0,8442196;40,73060984;50,856;0,342;140;220;20;3,08;2;Multi;AMM;PioneerDune;80;limited ;1310
febr.-23;123;Garxal;0,84419201;40,73058471;50,671;0,144;45;65;20;0,2925;1;Mono;AMM;PioneerDune;80;limited ;1310
febr.-23;124;Garxal;0,84417613;40,73058707;50,563;0,05;15;20;25;0,03;1;Mono;AMM;PioneerDune;80;limited ;1310
febr.-23;125;Garxal;0,84417535;40,73058137;50,595;0,072;7;10;30;0,007;1;Mono;AMM;PioneerDune;80;limited ;1310
febr.-23;126;Garxal;0,84409385;40,73056077;51,132;0,724;140;190;80;2,66;2;Multi;AMM;PioneerDune;80;limited ;1310
febr.-23;127;Garxal;0,8440826;40,7305745;50,523;0,049;15;20;30;0,03;1;Mono;XAN;PioneerDune;80;limited ;1310
febr.-23;128;Garxal;0,84407399;40,73056703;50,743;0,26;120;100;35;1,2;1;Mono;ILEX;PioneerDune;80;limited ;1310
febr.-23;129;Garxal;0,84402723;40,7306019;50,82;0,397;130;230;80;2,99;2;Multi;XAN;PioneerDune;80;limited ;1310
febr.-23;130;Garxal;0,84714018;40,73141888;50,252;0,206;110;130;40;1,43;1;Mono;SARCO;PioneerDune;80;limited ;1310
febr.-23;131;Garxal;0,84718287;40,73146866;50,196;0,2;140;160;110;2,24;1;Mono;SARCO;PioneerDune;80;limited ;1310
febr.-23;132;Garxal;0,84718531;40,73148085;50,186;0,163;110;100;85;1,1;1;Mono;SARCO;PioneerDune;80;limited ;1310
febr.-23;133;Garxal;0,84723689;40,73145275;50,079;0,133;70;130;80;0,91;1;Mono;SARCO;PioneerDune;80;limited ;1310
febr.-23;134;Garxal;0,84723205;40,731439;50,035;0,112;100;120;60;1,2;1;Mono;SARCO;PioneerDune;80;limited ;1310
febr.-23;135;Garxal;0,84725522;40,73144796;50,072;0,142;90;100;65;0,9;1;Mono;SARCO;PioneerDune;80;limited ;1310
febr.-23;136;Garxal;0,84722478;40,73138482;50,04;0,141;70;60;60;0,42;1;Mono;SARCO;PioneerDune;80;limited ;1310
febr.-23;137;Garxal;0,84725148;40,73136725;50,026;0,123;55;65;70;0,3575;1;Mono;SARCO;PioneerDune;80;limited ;1310
febr.-23;138;Garxal;0,84743442;40,73130041;50,032;0,128;90;120;90;1,08;1;Mono;SARCO;PioneerDune;80;limited ;1310
febr.-23;139;Garxal;0,84758577;40,73146028;49,915;0,059;60;65;75;0,39;1;Mono;SARCO;PioneerDune;80;limited ;1310
febr.-23;140;Garxal;0,84756529;40,73142216;49,936;0,033;30;45;85;0,135;1;Mono;SUA;PioneerDune;80;limited ;1310
febr.-23;141;Garxal;0,84748585;40,73135109;50,042;0,091;18;25;25;0,045;1;Mono;SUA;PioneerDune;80;limited ;1310
febr.-23;142;Garxal;0,84744674;40,73134975;49,996;0,027;55;60;35;0,33;1;Mono;SUA;PioneerDune;80;limited ;1310
febr.-23;143;Garxal;0,84738764;40,7313354;50,005;0,009;30;30;25;0,09;1;Mono;SALI;PioneerDune;80;limited ;1310
febr.-23;144;Garxal;0,84736022;40,73128499;50;0,08;25;20;30;0,05;1;Mono;SALI;PioneerDune;80;limited ;1310
febr.-23;145;Garxal;0,84734249;40,7312655;50,217;0,193;12;20;30;0,024;1;Mono;SARCO;PioneerDune;80;limited ;1310
febr.-23;146;Garxal;0,84718931;40,73132314;50,284;0,314;140;210;75;2,94;2;Multi;SALS;PioneerDune;80;limited ;1310
febr.-23;147;Garxal;0,84716236;40,73131161;50,018;0,05;130;120;30;1,56;1;Mono;SALS;PioneerDune;80;limited ;1310
febr.-23;148;Garxal;0,84707007;40,7312974;50,365;0,404;35;50;22;0,175;1;Mono;SALS;PioneerDune;80;limited ;1310
febr.-23;149;Garxal;0,84700395;40,73128812;50,144;0,158;150;160;30;2,4;1;Mono;SALS;PioneerDune;80;limited ;1310
febr.-23;150;Garxal;0,84699768;40,73129704;50,014;0,013;50;60;2;0,3;1;Mono;SUA;PioneerDune;80;limited ;1310
febr.-23;151;Garxal;0,84681655;40,7313397;50,089;0,019;10;10;20;0,01;1;Mono;SALI;PioneerDune;80;limited ;1310
febr.-23;152;Garxal;0,8466742;40,73136879;50,303;0,264;10;8;12;0,008;1;Mono;SALS;PioneerDune;80;limited ;1310
febr.-23;153;Garxal;0,84665316;40,73137024;50,032;0,03;90;160;30;1,44;1;Mono;SALS;PioneerDune;80;limited ;1310
febr.-23;154;Garxal;0,84662953;40,7314042;50,148;0,133;13;20;30;0,026;1;Mono;SALS;PioneerDune;80;limited ;1310
febr.-23;155;Garxal;0,84662409;40,7313763;50,108;0,09;50;70;25;0,35;1;Mono;SALS;PioneerDune;80;limited ;1310
febr.-23;156;Garxal;0,84658215;40,73136361;50,076;0,081;45;70;30;0,315;1;Mono;SALS;PioneerDune;80;limited ;1310
febr.-23;157;Garxal;0,84652643;40,73138837;50,061;0,063;40;40;20;0,16;1;Mono;SALS;PioneerDune;80;limited ;1310
febr.-23;158;Garxal;0,84644433;40,73134423;50,126;0,129;40;30;80;0,12;2;Multi;SARCO;PioneerDune;80;limited ;1310
febr.-23;159;Garxal;0,84640477;40,73132889;50,163;0,16;50;50;75;0,25;1;Mono;SARCO;PioneerDune;80;limited ;1310
febr.-23;160;Garxal;0,84634765;40,73132441;50,251;0,256;50;70;40;0,35;2;Multi;SUA;PioneerDune;80;limited ;1310
febr.-23;161;Garxal;0,8464;40,7313;50;0,26;60;75;35;0,45;2;Multi;SUA;PioneerDune;80;limited ;1310
febr.-23;162;Alfacada2;0,83670911;40,6754865;50,962;0,65;160;210;30;3,36;1;Mono;SALS;Dune;80;limited ;1220
febr.-23;163;Alfacada2;0,83668293;40,67538747;50,42;0,124;35;40;20;0,14;1;Mono;SALS;Dune;80;limited ;1220
febr.-23;164;Alfacada2;0,83670499;40,67539453;50,404;0,083;15;25;15;0,0375;1;Mono;SALS;Dune;80;limited ;1220
febr.-23;165;Alfacada2;0,83652986;40,6754027;50,751;0,396;110;220;70;2,42;2;Multi;AMM;Dune;80;limited ;1220
febr.-23;166;Alfacada2;0,83653091;40,6754034;50,749;0,406;90;170;35;1,53;1;Mono;SALS;Dune;80;limited ;1220
febr.-23;167;Alfacada2;0,83651282;40,67529528;50,477;0,162;25;60;45;0,15;1;Mono;AMM;Dune;80;limited ;1220
febr.-23;168;Alfacada2;0,83640024;40,67524369;50,759;0,352;160;290;25;4,64;2;Multi;SALI;Dune;80;limited ;1220
febr.-23;169;Alfacada2;0,83635539;40,67514839;50,409;0,118;60;200;25;1,2;2;Multi;XAN;Dune;80;limited ;1220
febr.-23;170;Alfacada2;0,83626437;40,67505756;50,368;0,081;30;40;30;0,12;1;Mono;XAN;Dune;80;limited ;1220
febr.-23;171;Alfacada2;0,83666586;40,67530121;50,476;0,174;90;120;65;1,08;1;Mono;SALS;Dune;80;limited ;1220
febr.-23;172;Alfacada2;0,836759;40,67526634;50,384;0,11;16;12;20;0,0192;1;Mono;AMM;Dune;80;limited ;1220
febr.-23;173;Alfacada2;0,83710891;40,67555089;50,308;0,038;25;20;15;0,05;1;Mono;SPO;Dune;80;limited ;1220
febr.-23;174;Alfacada2;0,83709724;40,67556235;50,314;0,038;25;60;15;0,15;1;Mono;SPO;Dune;80;limited ;1220
febr.-23;175;Alfacada2;0,83708822;40,67558117;50,346;0,087;55;120;12;0,66;1;Mono;SPO;Dune;80;limited ;1220
febr.-23;176;Alfacada2;0,8370877;40,67556404;50,347;0,057;35;80;12;0,28;1;Mono;SPO;Dune;80;limited ;1220
febr.-23;177;Alfacada2;0,83711988;40,67555655;50,3;0,01;12;20;8;0,024;1;Mono;SPO;Dune;80;limited ;1220
febr.-23;178;Alfacada2;0,83714436;40,67558221;50,568;0,233;120;180;50;2,16;2;Multi;AMM;Dune;80;limited ;1220
febr.-23;179;Alfacada2;0,83722218;40,67560346;50,792;0,445;100;140;40;1,4;1;Mono;SALS;Dune;80;limited ;1220
febr.-23;180;Alfacada2;0,83713247;40,6756183;50,564;0,192;120;140;65;1,68;2;Multi;AMM;Dune;80;limited ;1220
febr.-23;181;Alfacada2;0,83732424;40,67563737;50,792;0,189;50;80;45;0,4;1;Mono;SALS;Dune;80;limited ;1220
febr.-23;182;Alfacada2;0,83735111;40,67565965;50,822;0,093;12;30;60;0,036;1;Mono;SARCO;Dune;80;limited ;1220
febr.-23;183;Alfacada2;0,83741296;40,67564992;50,778;0,244;120;120;200;1,44;1;Mono;CRIT;Dune;80;limited ;1220
febr.-23;184;Alfacada2;0,8374533;40,67562631;50,701;0,329;170;200;120;3,4;3;Multi;SALS;Dune;80;limited ;1220
febr.-23;185;Alfacada2;0,83748927;40,67560465;50,637;0,268;70;120;45;0,84;1;Mono;SALS;Dune;80;limited ;1220
febr.-23;186;Alfacada2;0,83757173;40,67559089;50,484;0,175;200;290;110;5,8;1;Mono;SALI;Dune;80;limited ;1220
febr.-23;187;Alfacada2;0,83838566;40,67610877;50,334;0,052;30;30;40;0,09;1;Mono;SARCO;Dune;80;limited ;1220
febr.-23;188;Alfacada2;0,83838993;40,67620784;50,632;0,25;300;440;22;13,2;1;Mono;SPO;Dune;80;limited ;1220
febr.-23;189;Alfacada2;0,83841908;40,67621634;50,693;0,239;60;65;70;0,39;1;Mono;AMM;Dune;80;limited ;1220
febr.-23;190;Alfacada2;0,83845791;40,67620773;50,506;0,009;10;10;110;0,01;1;Mono;SARCO;Dune;80;limited ;1220
febr.-23;191;Alfacada2;0,83850109;40,67620549;50,578;0,199;65;80;60;0,52;1;Mono;LIM;Dune;80;limited ;1220
febr.-23;192;Alfacada2;0,83851244;40,67618984;50,492;0,139;35;40;55;0,14;1;Mono;LIM;Dune;80;limited ;1220
febr.-23;193;Alfacada2;0,83850591;40,67619285;50,425;0,041;120;200;13;2,4;1;Mono;AMM;Dune;80;limited ;1220
febr.-23;194;Alfacada2;0,83868842;40,67626051;50,681;0,344;90;220;50;1,98;4;Multi;SALI;Dune;80;limited ;1220
febr.-23;195;Alfacada2;0,83871441;40,67627214;50,509;0,139;70;90;40;0,63;1;Mono;LIM;Dune;80;limited ;1220
febr.-23;196;Alfacada2;0,83874469;40,676268;50,577;0,242;70;210;35;1,47;1;Mono;XAN;Dune;80;limited ;1220
febr.-23;197;Alfacada2;0,83878144;40,67627506;50,834;0,417;90;100;65;0,9;1;Mono;AMM;Dune;80;limited ;1220
febr.-23;198;Alfacada2;0,83877066;40,67629216;50,937;0,185;60;120;50;0,72;1;Mono;AMM;Dune;80;limited ;1220
febr.-23;199;Alfacada2;0,83879925;40,67628906;50,637;0,057;40;40;60;0,16;1;Mono;AMM;Dune;80;limited ;1220
febr.-23;200;Alfacada2;0,83879716;40,67634864;51,055;0,388;250;320;70;8;4;Multi;LIM;Dune;80;limited ;1220
febr.-23;201;Alfacada2;0,8390645;40,67633776;50,611;0,308;50;120;80;0,6;1;Mono;SARCO;Dune;80;limited ;1220
febr.-23;202;Alfacada2;0,84030886;40,67673819;50,631;0,227;70;80;60;0,56;1;Mono;AMM;Dune;80;limited ;1220
febr.-23;203;Alfacada2;0,84121932;40,67731758;50,963;0,203;100;240;55;2,4;1;Mono;SALI;Dune;80;limited ;1220
febr.-23;204;Alfacada2;0,84131106;40,67734394;50,67;0,091;35;35;15;0,1225;2;Multi;XAN;Dune;80;limited ;1220
febr.-23;205;Alfacada2;0,84118529;40,67749143;51,659;0,513;200;320;20;6,4;1;Mono;CRIT;DuneDepressions;120;limited ;1310
febr.-23;206;Alfacada2;0,83639556;40,67561985;50,256;0,064;50;50;65;0,25;1;Mono;SALI;DuneDepressions;120;limited ;1310
febr.-23;207;Alfacada2;0,83637387;40,67562929;50,255;0,045;60;80;75;0,48;1;Mono;SALI;DuneDepressions;120;limited ;1310
febr.-23;208;Alfacada2;0,83637892;40,67561556;50,338;0,139;150;290;100;4,35;3;Multi;SALI;DuneDepressions;120;limited ;1310
febr.-23;209;Alfacada2;0,83636213;40,67560429;50,254;0,036;10;25;95;0,025;1;Mono;SARCO;DuneDepressions;120;limited ;1310
febr.-23;210;Alfacada2;0,83635483;40,67559521;50,264;0,071;45;85;40;0,3825;1;Mono;SALI;DuneDepressions;120;limited ;1310
febr.-23;211;Alfacada2;0,83635291;40,6755851;50,3;0,159;150;150;45;2,25;1;Mono;SALI;DuneDepressions;120;limited ;1310
febr.-23;212;Alfacada2;0,83633852;40,67558429;50,192;0,018;8;7;30;0,0056;1;Mono;SARCO;DuneDepressions;120;limited ;1310
febr.-23;213;Alfacada2;0,83633024;40,67561031;50,207;0,035;30;70;35;0,21;1;Mono;SALI;DuneDepressions;120;limited ;1310
febr.-23;214;Alfacada2;0,83630988;40,67559462;50,184;0,031;15;15;13;0,0225;1;Mono;SALI;DuneDepressions;120;limited ;1310
febr.-23;215;Alfacada2;0,83631227;40,6755531;50,21;0,049;60;55;32;0,33;1;Mono;SALI;DuneDepressions;120;limited ;1310
febr.-23;216;Alfacada2;0,8363246;40,67554187;50,219;0,056;70;140;90;0,98;4;Multi;SARCO;DuneDepressions;120;limited ;1310
febr.-23;217;Alfacada2;0,83631112;40,67553814;50,169;0,036;20;30;30;0,06;1;Mono;SALI;DuneDepressions;120;limited ;1310
febr.-23;218;Alfacada2;0,83625412;40,67551702;50,256;0,114;60;50;50;0,3;1;Mono;SALI;DuneDepressions;120;limited ;1310
febr.-23;219;Alfacada2;0,83623029;40,6755214;50,123;0,023;60;150;40;0,9;1;Mono;SALI;DuneDepressions;120;limited ;1310
febr.-23;220;Alfacada2;0,83620522;40,67553857;50,141;0,065;30;60;65;0,18;1;Mono;SALI;DuneDepressions;120;limited ;1310
febr.-23;221;Alfacada2;0,83617692;40,67553992;50,15;0,05;80;120;45;0,96;1;Mono;SALI;DuneDepressions;120;limited ;1310
febr.-23;222;Alfacada2;0,83615764;40,67559851;50,015;0,063;100;130;65;1,3;1;Mono;SALI;DuneDepressions;120;limited ;1310
febr.-23;223;Alfacada2;0,83602257;40,67562419;49,845;0,023;130;200;45;2,6;1;Mono;SALI;DuneDepressions;120;limited ;1310
febr.-23;224;Alfacada2;0,83601186;40,67554495;49,881;0,028;330;440;65;14,52;1;Mono;SALI;DuneDepressions;120;limited ;1310
febr.-23;225;Alfacada2;0,8359886;40,67553942;49,917;0,031;220;280;65;6,16;1;Mono;SALI;DuneDepressions;120;limited ;1310
febr.-23;226;Alfacada2;0,83596648;40,67554093;49,925;0,026;15;20;20;0,03;1;Mono;SALI;DuneDepressions;120;limited ;1310
febr.-23;227;Alfacada2;0,83597455;40,67552713;49,966;0,04;10;15;55;0,015;1;Mono;SALI;DuneDepressions;120;limited ;1310
febr.-23;228;Alfacada2;0,83599497;40,67550549;49,985;0,021;60;60;35;0,36;1;Mono;SALI;DuneDepressions;120;limited ;1310
febr.-23;229;Alfacada2;0,83592728;40,67552139;50,041;0,079;30;35;35;0,105;1;Mono;SALI;DuneDepressions;120;limited ;1310
febr.-23;230;Alfacada2;0,83591908;40,67548426;50,103;0,044;40;55;65;0,22;1;Mono;LIMO;DuneDepressions;120;limited ;1310
febr.-23;231;Alfacada2;0,83591587;40,67547671;50,12;0,029;8;8;19;0,0064;1;Mono;LIMO;DuneDepressions;120;limited ;1310
febr.-23;232;Alfacada2;0,83591546;40,67547912;50,133;0,046;5;9;16;0,0045;1;Mono;LIMO;DuneDepressions;120;limited ;1310
febr.-23;233;Alfacada2;0,83590386;40,67545374;50,116;0,032;8;12;13;0,0096;1;Mono;LIMO;DuneDepressions;120;limited ;1310
febr.-23;234;Alfacada2;0,83590636;40,67545498;50,118;0,03;5;5;13;0,0025;1;Mono;LIMO;DuneDepressions;120;limited ;1310
febr.-23;235;Alfacada2;0,83590472;40,67545116;50,091;0,028;3;3;3;0,0009;1;Mono;LIMO;DuneDepressions;120;limited ;1310
febr.-23;236;Alfacada2;0,83590562;40,67542482;50,11;0,028;6;2;12;0,0012;1;Mono;LIMO;DuneDepressions;120;limited ;1310
febr.-23;237;Alfacada2;0,83588969;40,67540443;50,141;0,04;12;13;7;0,0156;1;Mono;LIMO;DuneDepressions;120;limited ;1310
febr.-23;238;Alfacada2;0,8358898;40,67540182;50,127;0,052;12;12;12;0,0144;1;Mono;LIMO;DuneDepressions;120;limited ;1310
febr.-23;239;Alfacada2;0,8358875;40,67539753;50,176;0,04;7;8;6;0,0056;1;Mono;LIMO;DuneDepressions;120;limited ;1310
febr.-23;240;Alfacada2;0,83585912;40,67542862;50,119;0,09;9;13;12;0,0117;1;Mono;LIMO;DuneDepressions;120;limited ;1310
febr.-23;241;Alfacada2;0,83585695;40,67543236;50,05;0,009;15;16;12;0,024;1;Mono;LIMO;DuneDepressions;120;limited ;1310
febr.-23;242;Alfacada2;0,83587744;40,67542234;50,053;0,022;3;3;2;0,0009;1;Mono;LIMO;DuneDepressions;120;limited ;1310
febr.-23;243;Alfacada2;0,83585393;40,67541609;49,998;0,026;8;9;6;0,0072;1;Mono;SALI;DuneDepressions;120;limited ;1310
apr.-23;244;Marquesa2;0,78452131;40,77182321;50,033;0,45;35;35;35;0,1225;1;Mono;SARCO;DuneDepressions;200;limited ;1150
apr.-23;245;Marquesa2;0,78444577;40,77188652;50,101;0,24;115;115;90;1,3225;1;Mono;SARCO;DuneDepressions;200;limited ;1150
apr.-23;246;Marquesa2;0,78431111;40,77185608;50,002;0,67;150;130;125;1,95;1;Mono;SARCO;DuneDepressions;200;limited ;1150
apr.-23;247;Marquesa2;0,78428901;40,77189711;50,181;0,5;200;150;75;3;1;Mono;SARCO;DuneDepressions;200;limited ;1150
apr.-23;248;Marquesa2;0,78427609;40,77190507;50,239;2,23;110;120;80;1,32;1;Mono;SARCO;DuneDepressions;200;limited ;1150
apr.-23;249;Marquesa2;0,78420753;40,77191198;50,125;0,61;100;120;45;1,2;1;Mono;SARCO;DuneDepressions;200;limited ;1150
apr.-23;250;Marquesa2;0,78413123;40,77191947;49,985;0,67;110;130;40;1,43;1;Mono;SARCO;DuneDepressions;200;limited ;1150
apr.-23;251;Marquesa2;0,7841379;40,77194639;49,968;1,1;150;150;50;2,25;1;Mono;SARCO;DuneDepressions;200;limited ;1150
apr.-23;252;Marquesa2;0,78412236;40,77188981;50,018;0,42;170;180;60;3,06;1;Mono;SARCO;DuneDepressions;200;limited ;1150
apr.-23;253;Marquesa2;0,78408373;40,77189555;49,911;0,52;45;50;35;0,225;1;Mono;SALI;DuneDepressions;200;limited ;1150
apr.-23;254;Marquesa2;0,78407655;40,7718884;49,928;0,44;70;80;50;0,56;1;Mono;SALI;DuneDepressions;200;limited ;1150
apr.-23;255;Marquesa2;0,78772495;40,77046583;52,567;2,31;30;200;50;0,6;1;Mono;AMM;Dune;150;limited ;1150
apr.-23;256;Marquesa2;0,78766393;40,77043849;52,746;4,78;150;200;60;3;1;Mono;CAK;Dune;150;limited ;1210
apr.-23;257;Marquesa2;0,78767583;40,77037039;53,336;1,43;120;140;50;1,68;1;Mono;CAK;Dune;150;limited ;1210
apr.-23;258;Marquesa2;0,7877367;40,77032226;53,596;1,24;90;110;30;0,99;1;Mono;CAK;Dune;150;limited ;1210
apr.-23;259;Marquesa2;0,78770554;40,77028935;53,072;0,96;150;150;40;2,25;1;Mono;CAK;Dune;150;limited ;1210
apr.-23;260;Marquesa2;0,78763512;40,77037417;53,163;0,1;60;110;40;0,66;1;Mono;CAK;Dune;150;limited ;1210
apr.-23;261;Marquesa2;0,78761369;40,77041428;52,991;1,9;80;120;30;0,96;1;Mono;CAK;Dune;150;limited ;1210
apr.-23;262;Marquesa2;0,78758589;40,77036335;52,884;1,7;100;110;40;1,1;1;Mono;CAK;Dune;150;limited ;1210
apr.-23;263;Marquesa2;0,78758438;40,77029712;52,785;3,62;250;420;30;10,5;1;Mono;CRIT;Dune;150;limited ;1210
may.-23;264;Alfacada3;0,84056694;40,67807754;49,976;0,067;85;115;53;0,9775;1;Mono;SARCO;DuneDepressions;150;limited ;1310
may.-23;265;Alfacada3;0,84059556;40,67810752;49,977;0,057;75;90;68;0,675;1;Mono;SARCO;DuneDepressions;150;limited ;1310
may.-23;266;Alfacada3;0,84062166;40,67810419;49,99;0,067;123;150;98;1,845;1;Mono;SARCO;DuneDepressions;150;limited ;1310
may.-23;267;Alfacada3;0,84070907;40,67809354;49,969;0,072;360;420;100;15,12;1;Mono;SARCO;DuneDepressions;150;limited ;1310
may.-23;268;Alfacada3;0,84069529;40,67798153;50,005;0,091;210;335;70;7,035;1;Mono;SARCO;DuneDepressions;150;limited ;1310
may.-23;269;Alfacada3;0,84075092;40,67797925;50,097;0,181;170;218;90;3,706;1;Mono;SARCO;DuneDepressions;150;limited ;1310
may.-23;270;Alfacada3;0,84081883;40,67804443;50,074;0,126;250;315;100;7,875;1;Mono;SARCO;DuneDepressions;150;limited ;1310
may.-23;271;Alfacada3;0,84078873;40,67816093;50,154;0,209;180;460;120;8,28;1;Mono;SARCO;DuneDepressions;150;limited ;1310
may.-23;272;Alfacada3;0,84078238;40,67822247;50,163;0,18;200;345;90;6,9;1;Mono;SARCO;DuneDepressions;150;limited ;1310
may.-23;273;Alfacada3;0,84081689;40,67824152;50,183;0,207;110;160;80;1,76;1;Mono;SARCO;DuneDepressions;150;limited ;1310
may.-23;274;Alfacada3;0,84093168;40,67825935;50,197;0,08;90;190;60;1,71;1;Mono;SARCO;DuneDepressions;150;limited ;1310
may.-23;275;Alfacada3;0,84093252;40,67828565;50,272;0,138;135;155;90;2,0925;1;Mono;SARCO;DuneDepressions;150;limited ;1310
may.-23;276;Marquesa3;0,79033175;40,76868473;51,126;0,117;35;65;0;0,2275;1;Mono;Cymodocea;COASTLINE;20;limited ;1210
may.-23;277;Marquesa3;0,79031639;40,76868774;51,207;0,167;38;140;0;0,532;1;Mono;Cymodocea;COASTLINE;20;limited ;1210
may.-23;278;Marquesa3;0,79030565;40,7687154;51,051;0,169;23;77;0;0,1771;1;Mono;Cymodocea;COASTLINE;20;limited ;1210
may.-23;279;Marquesa3;0,79029182;40,76872658;51,074;0,129;53;80;0;0,424;1;Mono;Cymodocea;COASTLINE;20;limited ;1210
may.-23;280;Marquesa3;0,79036492;40,768666;51,083;0,081;24;61;0;0,1464;1;Mono;Cymodocea;COASTLINE;20;limited ;1210
may.-23;281;Marquesa3;0,7903918;40,76863954;51,135;0,114;39;38;0;0,1482;1;Mono;Cymodocea;COASTLINE;20;limited ;1210
may.-23;282;Marquesa3;0,79034231;40,76865665;51,124;0,048;40;68;0;0,272;1;Mono;Cymodocea;COASTLINE;20;limited ;1210
may.-23;283;Marquesa3;0,79031127;40,76866262;51,165;0,162;31;72;0;0,2232;1;Mono;Cymodocea;COASTLINE;20;limited ;1210
may.-23;284;Marquesa3;0,79030681;40,7686719;51,125;0,108;37;62;0;0,2294;1;Mono;Cymodocea;COASTLINE;20;limited ;1210
may.-23;285;Marquesa3;0,79028483;40,76868878;51,108;0,127;40;52;0;0,208;1;Mono;Cymodocea;COASTLINE;20;limited ;1210
may.-23;286;Marquesa3;0,79024645;40,76870144;51,071;0,125;51;68;0;0,3468;1;Mono;Cymodocea;COASTLINE;20;limited ;1210
may.-23;287;Marquesa3;0,79023065;40,76873395;50,915;0,065;38;49;0;0,1862;1;Mono;Cymodocea;COASTLINE;20;limited ;1210
may.-23;288;Marquesa3;0,79027728;40,76874826;51,049;0,137;39;64;0;0,2496;1;Mono;Cymodocea;COASTLINE;20;limited ;1210
may.-23;289;Marquesa3;0,79025394;40,76877361;51,053;0,087;27;62;0;0,1674;1;Mono;Cymodocea;COASTLINE;20;limited ;1210
may.-23;290;Marquesa3;0,79025142;40,76879001;51,14;0,112;47;97;0;0,4559;1;Mono;Cymodocea;COASTLINE;20;limited ;1210
may.-23;291;Marquesa3;0,7903225;40,7687464;50,891;0,139;52;110;0;0,572;1;Mono;Cymodocea;COASTLINE;20;limited ;1210
may.-23;292;Marquesa3;0,79048422;40,76858521;51,146;0,168;35;44;0;0,154;1;Mono;Cymodocea;COASTLINE;20;limited ;1210
may.-23;293;Marquesa3;0,7904948;40,76857796;51,135;0,155;37;125;0;0,4625;1;Mono;Cymodocea;COASTLINE;20;limited ;1210
may.-23;294;Marquesa3;0,79066856;40,76845465;50,65;0,09;28;110;0;0,308;1;Mono;Cymodocea;COASTLINE;20;limited ;1210
may.-23;295;Marquesa3;0,79070978;40,76841011;50,757;0,127;38;78;0;0,2964;1;Mono;Cymodocea;COASTLINE;20;limited ;1210
march.-23;296;Guadalete;-6,134401;36,621993;;;135;165;65,5;2,2275;1;Mono;LIM;SaltMarshes;1000;limited ;1310
march.-23;297;Guadalete;-6,134401;36,621993;;;60;55;45,4;0,33;1;Mono;LIM;SaltMarshes;1000;limited ;1310
march.-23;298;Guadalete;-6,134401;36,621993;;;180;185;78,5;3,33;1;Mono;LIM;SaltMarshes;1000;limited ;1310
march.-23;299;Guadalete;-6,134401;36,621993;;;1;89;39,5;0,0089;1;Mono;LIM;SaltMarshes;1000;limited ;1310
march.-23;300;Guadalete;-6,134401;36,621993;;;210;2;1,4;0,042;1;Mono;LIM;SaltMarshes;1000;limited ;1310
march.-23;301;Guadalete;-6,134401;36,621993;;;156;180;81,5;2,808;1;Mono;LIM;SaltMarshes;1000;limited ;1310
march.-23;302;Guadalete;-6,134401;36,621993;;;245;241;92,5;5,9045;1;Mono;LIM;SaltMarshes;1000;limited ;1310
march.-23;303;Guadalete;-6,134401;36,621993;;;60;63;57,5;0,378;1;Mono;LIM;SaltMarshes;1000;limited ;1310
march.-23;304;Guadalete;-6,134401;36,621993;;;105;145;37,5;1,5225;1;Mono;SALI;SaltMarshes;1000;limited ;1310
march.-23;305;Guadalete;-6,134401;36,621993;;;40;43;21;0,172;1;Mono;SALI;SaltMarshes;1000;limited ;1310
march.-23;306;Los Lances;-5,627871;36,039708;;1,1;90;230;85;2,07;1;Mono;AMM;Dune;50;limited ;2130
march.-23;307;Los Lances;-5,627871;36,039708;;0,8;100;150;45;1,5;2;Multi;AMM;Dune;50;limited ;2130
march.-23;308;Los Lances;-5,627871;36,039708;;1,7;230;450;55;10,35;1;Mono;AMM;Dune;50;limited ;2130
march.-23;309;Los Lances;-5,627871;36,039708;;0,8;290;280;25;8,12;1;Mono;MED;Dune;50;limited ;2130
aug.-23;310;Liencres;-3,9772745;43,44321118;54,519;0,019;23;33;12;0,0759;1;Mono;CAK;Dune;30;limited ;2130
aug.-23;311;Liencres;-3,97748987;43,4432497;54,369;0,104;35;51;10;0,1785;1;Mono;CAK;Dune;30;limited ;2130
aug.-23;312;Liencres;-3,97751361;43,44323856;54,34;0,087;40;63;17;0,252;1;Mono;CAK;Dune;30;limited ;2130
aug.-23;313;Liencres;-3,97758393;43,44319406;54,241;0,049;16;23;9;0,0368;1;Mono;CAK;Dune;30;limited ;2130
aug.-23;314;Liencres;-3,97758771;43,44319303;54,231;0,052;11;13;4;0,0143;1;Mono;CAK;Dune;30;limited ;2130
aug.-23;315;Liencres;-3,97771509;43,44306511;54,238;0,054;21;27;9;0,0567;1;Mono;CAK;Dune;30;limited ;2130
aug.-23;316;Liencres;-3,97773266;43,44304415;54,218;0,064;54;83;23;0,4482;1;Mono;CAK;Dune;30;limited ;2130
aug.-23;317;Liencres;-3,97757851;43,44297111;54,988;0,108;31;73;17;0,2263;1;Mono;CAK;Dune;30;limited ;2130
aug.-23;318;Liencres;-3,97764534;43,44287868;54,906;0,067;38;45;19;0,171;1;Mono;CAK;Dune;30;limited ;2130
aug.-23;319;Liencres;-3,977654;43,44288525;54,858;0,032;33;53;19;0,1749;1;Mono;CAK;Dune;30;limited ;2130
aug.-23;320;Liencres;-3,97761575;43,44269252;54,85;0,041;63;82;27;0,5166;1;Mono;CAK;Dune;30;limited ;2130
aug.-23;321;Liencres;-3,97756655;43,44270202;54,999;0,033;53;46;20;0,2438;1;Mono;CAK;Dune;30;limited ;2130
aug.-23;322;Liencres;-3,97753504;43,44273027;55,136;0,054;30;61;12;0,183;1;Mono;CAK;Dune;30;limited ;2130
aug.-23;323;Liencres;-3,97755006;43,44274181;55,087;0,054;49;59;9;0,2891;1;Mono;XAN;Dune;30;limited ;2130
aug.-23;324;Liencres;-3,97753544;43,44276956;55,089;0,025;26;47;22;0,1222;1;Mono;CAK;Dune;30;limited ;2130
aug.-23;325;Liencres;-3,97750247;43,44279572;55,111;0,056;22;32;42;0,0704;1;Mono;EUPH;Dune;30;limited ;2130
aug.-23;326;Liencres;-3,97748388;43,4427984;55,111;0,03;36;39;15;0,1404;1;Mono;XAN;Dune;30;limited ;2130
aug.-23;327;Liencres;-3,97766068;43,44269367;54,816;0,068;41;82;53;0,3362;1;Mono;AMM;Dune;30;limited ;2130
aug.-23;328;Liencres;-3,977672;43,44258721;54,999;0,025;31;36;17;0,1116;1;Mono;XAN;Dune;30;limited ;2130
aug.-23;329;Liencres;-3,97788681;43,44245584;54,774;0,041;10;21;25;0,021;1;Mono;EUPH;Dune;30;limited ;2130
aug.-23;330;Liencres;-3,9782068;43,44203719;54,715;0,06;31;71;38;0,2201;1;Mono;XAN;Dune;30;limited ;2130
aug.-23;331;Liencres;-3,97822189;43,44203933;54,687;0,053;32;52;13;0,1664;1;Mono;EUPH;Dune;30;limited ;2130
aug.-23;332;Liencres;-3,97814815;43,44199216;54,501;0,083;50;101;91;0,505;1;Mono;AMM;Dune;30;limited ;2130
aug.-23;333;Liencres;-3,97807557;43,44187513;54,064;0,254;98;190;98;1,862;1;Mono;AMM;Dune;30;limited ;2130
aug.-23;334;Liencres;-3,97802953;43,44186241;53,786;0,033;56;71;34;0,3976;1;Mono;XAN;Dune;30;limited ;2130
aug.-23;335;Liencres;-3,97798555;43,44183228;53,606;0,234;100;110;62;1,1;1;Mono;EUPH;Dune;30;limited ;2130
aug.-23;336;Liencres;-3,97790377;43,4418507;53,312;0,109;54;97;48;0,5238;2;Multi;EUPH;Dune;30;limited ;2130
aug.-23;337;Liencres;-3,97803333;43,44189514;53,846;0,052;48;90;37;0,432;2;Multi;XAN;Dune;30;limited ;2130
aug.-23;338;Liencres;-3,97841628;43,44161802;53,947;0,063;60;87;38;0,522;1;Mono;EUPH;Dune;30;limited ;2130
aug.-23;339;Liencres;-3,97877755;43,44087132;53,628;0,367;93;100;68;0,93;2;Multi;AMM;Dune;30;limited ;2130
aug.-23;340;Liencres;-3,97888956;43,44074146;53,42;0,261;110;117;71;1,287;1;Mono;AMM;Dune;30;limited ;2130
aug.-23;341;Liencres;-3,97895755;43,44059818;53,529;0,11;60;120;56;0,72;1;Mono;EUPH;Dune;30;limited ;2130
aug.-23;342;Liencres;-3,97898597;43,44059181;53,529;0,105;56;88;45;0,4928;1;Mono;EUPH;Dune;30;limited ;2130
aug.-23;343;Liencres;-3,97890011;43,44053707;53,376;0,125;82;91;53;0,7462;1;Mono;EUPH;Dune;30;limited ;2130
aug.-23;344;Liencres;-3,97897326;43,44040048;53,552;0,247;90;140;68;1,26;1;Mono;AMM;Dune;30;limited ;2130
aug.-23;345;Laredo;-3,44895244;43,43250727;53,439;0,112;50;80;17;0,4;1;Mono;CAK;PioneerDune;35;limited ;2110
aug.-23;346;Laredo;-3,44894867;43,4325005;53,461;0,143;78;96;28;0,7488;1;Mono;SALS;PioneerDune;35;limited ;2110
aug.-23;347;Laredo;-3,44895106;43,43248913;53,589;0,137;57;71;29;0,4047;1;Mono;SALS;PioneerDune;35;limited ;2110
aug.-23;348;Laredo;-3,4489361;43,43247752;53,533;0,134;110;120;49;1,32;1;Mono;SALS;PioneerDune;35;limited ;2110
aug.-23;349;Laredo;-3,44890687;43,43243075;53,85;0,097;58;80;21;0,464;1;Mono;SALS;PioneerDune;35;limited ;2110
aug.-23;350;Laredo;-3,44886763;43,4323785;54,013;0,152;67;78;41;0,5226;1;Mono;EUPH;PioneerDune;35;limited ;2110
aug.-23;351;Laredo;-3,44886074;43,43232349;54,383;0,153;35;70;120;0,245;1;Mono;AMM;PioneerDune;35;limited ;2110
aug.-23;352;Laredo;-3,44883568;43,43228157;54,303;0,136;75;150;130;1,125;1;Mono;AMM;PioneerDune;35;limited ;2110
aug.-23;353;Laredo;-3,4488376;43,4322688;54,305;0,216;98;140;105;1,372;1;Mono;AMM;PioneerDune;35;limited ;2110
aug.-23;354;Laredo;-3,44879734;43,43225361;54,015;0,126;56;80;21;0,448;1;Mono;SALS;PioneerDune;35;limited ;2110
aug.-23;355;Laredo;-3,44877119;43,43223636;53,841;0,072;79;86;28;0,6794;1;Mono;SALS;PioneerDune;35;limited ;2110
aug.-23;356;Laredo;-3,44875805;43,43220605;53,843;0,071;50;59;21;0,295;1;Mono;SALS;PioneerDune;35;limited ;2110
aug.-23;357;Laredo;-3,44875586;43,43219302;53,878;0,101;52;71;19;0,3692;1;Mono;SALS;PioneerDune;35;limited ;2110
aug.-23;358;Laredo;-3,44875613;43,4321618;54,232;0,178;80;96;47;0,768;1;Mono;POLY;PioneerDune;35;limited ;2110
aug.-23;359;Laredo;-3,44881064;43,43224896;54,189;0,142;96;103;41;0,9888;2;Multi;POLY;PioneerDune;35;limited ;2110
aug.-23;360;Laredo;-3,44866348;43,4320955;53,688;0,06;74;91;25;0,6734;1;Mono;SALS;PioneerDune;35;limited ;2110
aug.-23;361;Laredo;-3,4486557;43,43206224;53,793;0,126;99;105;29;1,0395;1;Mono;SALS;PioneerDune;35;limited ;2110
aug.-23;362;Laredo;-3,448643;43,43204516;53,767;0,064;77;81;25;0,6237;1;Mono;SALS;PioneerDune;35;limited ;2110
aug.-23;363;Laredo;-3,44856395;43,43189905;54,178;0,095;61;56;115;0,3416;1;Mono;AMM;PioneerDune;35;limited ;2110
aug.-23;364;Laredo;-3,44856585;43,43189979;54,208;0,074;47;63;95;0,2961;1;Mono;AMM;PioneerDune;35;limited ;2110
aug.-23;365;Laredo;-3,44855971;43,43188768;54,196;0,032;36;36;120;0,1296;1;Mono;AMM;PioneerDune;35;limited ;2110
aug.-23;366;Laredo;-3,44850485;43,43182398;54,056;0,16;178;210;115;3,738;2;Multi;AMM;PioneerDune;35;limited ;2110
aug.-23;367;Laredo;-3,44843259;43,43172165;54,096;0,199;180;200;120;3,6;2;Multi;AMM;PioneerDune;35;limited ;2110
aug.-23;368;Laredo;-3,44833829;43,43156664;54,043;0,087;68;120;108;0,816;1;Mono;AMM;PioneerDune;35;limited ;2110
aug.-23;369;Laredo;-3,44830339;43,43155896;53,779;0,033;76;81;19;0,6156;1;Mono;SALS;PioneerDune;35;limited ;2110
aug.-23;370;Laredo;-3,44828803;43,43154205;53,759;0,076;34;53;14;0,1802;1;Mono;SALS;PioneerDune;35;limited ;2110
aug.-23;371;Laredo;-3,44822582;43,4314523;53,77;0,103;87;95;17;0,8265;1;Mono;SALS;PioneerDune;35;limited ;2110
aug.-23;372;Laredo;-3,44819784;43,43143114;53,717;0,096;79;81;11;0,6399;1;Mono;SALS;PioneerDune;35;limited ;2110
aug.-23;373;Laredo;-3,44820691;43,43138407;53,883;0,086;46;52;44;0,2392;1;Mono;EUPH;PioneerDune;35;limited ;2110
aug.-23;374;Laredo;-3,4481497;43,43135046;53,679;0,075;83;86;13;0,7138;1;Mono;SALS;PioneerDune;35;limited ;2110
aug.-23;375;Laredo;-3,4481095;43,43124739;53,734;0,083;43;57;49;0,2451;1;Mono;EUPH;PioneerDune;35;limited ;2110
aug.-23;376;Laredo;-3,44813122;43,43124768;53,975;0,082;96;110;67;1,056;1;Mono;EUPH;PioneerDune;35;limited ;2110
aug.-23;377;Laredo;-3,44793054;43,43098204;54,184;0,156;130;178;52;2,314;1;Mono;POLY;PioneerDune;35;limited ;2110
aug.-23;378;Laredo;-3,44775021;43,43072342;53,787;0,079;38;46;22;0,1748;1;Mono;CAK;PioneerDune;35;limited ;2110
aug.-23;379;Laredo;-3,44772028;43,43068992;53,798;0,099;32;60;15;0,192;1;Mono;SALS;PioneerDune;35;limited ;2110
aug.-23;380;Laredo;-3,44772153;43,43063486;54,099;0,08;110;115;70;1,265;1;Mono;EUPH;PioneerDune;35;limited ;2110
aug.-23;381;Laredo;-3,44773125;43,43063832;54,17;0,03;48;51;61;0,2448;1;Mono;EUPH;PioneerDune;35;limited ;2110
aug.-23;382;Laredo;-3,44724838;43,42994156;53,962;0,058;41;45;11;0,1845;1;Mono;CAK;PioneerDune;35;limited ;2110
aug.-23;383;Laredo;-3,4472349;43,429931;53,93;0,041;45;48;15;0,216;1;Mono;CAK;PioneerDune;35;limited ;2110
aug.-23;384;Laredo;-3,44718439;43,42985423;53,931;0,081;52;74;16;0,3848;1;Mono;CAK;PioneerDune;35;limited ;2110
aug.-23;385;Laredo;-3,44682471;43,42931292;53,724;0,076;42;120;105;0,504;1;Mono;AMM;PioneerDune;35;limited ;2110
aug.-23;386;Roses;3,11872259;42,22638389;50,922;0,194;67;88;;0,5896;1;Mono;Cymodocea;COASTLINE;20;limited ;1210
aug.-23;387;Roses;3,11871711;42,22641883;51,021;0,271;78;165;;1,287;1;Mono;Cymodocea;COASTLINE;20;limited ;1210
aug.-23;388;Roses;3,1187749;42,22647607;51,009;0,268;105;166;;1,743;1;Mono;Cymodocea;COASTLINE;20;limited ;1210
aug.-23;389;Roses;3,11876212;42,2264922;50,979;0,204;61;88;;0,5368;1;Mono;Cymodocea;COASTLINE;20;limited ;1210
aug.-23;390;Roses;3,11869919;42,22649861;50,82;0,134;36;48;;0,1728;1;Mono;Cymodocea;COASTLINE;20;limited ;1210
aug.-23;391;Roses;3,11876564;42,22655516;50,95;0,266;61;95;;0,5795;1;Mono;Cymodocea;COASTLINE;20;limited ;1210
aug.-23;392;Roses;3,11880465;42,22653585;50,882;0,175;118;129;;1,5222;1;Mono;Cymodocea;COASTLINE;20;limited ;1210
aug.-23;393;Roses;3,11876569;42,22655578;50,941;0,252;70;100;;0,7;1;Mono;Cymodocea;COASTLINE;20;limited ;1210
aug.-23;394;Roses;3,11872246;42,22656255;50,782;0,115;19;50;;0,095;1;Mono;Cymodocea;COASTLINE;20;limited ;1210
aug.-23;395;Roses;3,11875878;42,22659367;50,913;0,2;98;150;;1,47;1;Mono;Cymodocea;COASTLINE;20;limited ;1210
aug.-23;396;Roses;3,11875513;42,2266082;50,886;0,205;84;162;;1,3608;1;Mono;Cymodocea;COASTLINE;20;limited ;1210
aug.-23;397;Roses;3,11871123;42,22663216;50,798;0,211;89;144;;1,2816;1;Mono;Cymodocea;COASTLINE;20;limited ;1210
aug.-23;398;Roses;3,11869365;42,22662504;50,705;0,129;48;105;;0,504;1;Mono;Cymodocea;COASTLINE;20;limited ;1210
aug.-23;399;Roses;3,1187949;42,22660365;50,848;0,244;53;125;;0,6625;1;Mono;Cymodocea;COASTLINE;20;limited ;1210
aug.-23;400;Roses;3,1188703;42,22657724;50,979;0,272;171;173;;2,9583;1;Mono;Cymodocea;COASTLINE;20;limited ;1210
aug.-23;401;Roses;3,11879746;42,22665854;50,847;0,33;98;101;;0,9898;1;Mono;Cymodocea;COASTLINE;20;limited ;1210
aug.-23;402;Roses;3,11883142;42,2266864;50,777;0,339;140;152;;2,128;1;Mono;Cymodocea;COASTLINE;20;limited ;1210
aug.-23;403;Roses;3,11891841;42,22673817;50,859;0,298;118;140;;1,652;1;Mono;Cymodocea;COASTLINE;20;limited ;1210
aug.-23;404;Roses;3,11897998;42,22670849;50,87;0,148;34;68;;0,2312;1;Mono;Cymodocea;COASTLINE;20;limited ;1210
aug.-23;405;Roses;3,1190078;42,22669117;50,932;0,254;44;89;;0,3916;1;Mono;Cymodocea;COASTLINE;20;limited ;1210
aug.-23;406;Roses;3,11905131;42,22669006;51,015;0,234;71;110;;0,781;1;Mono;Cymodocea;COASTLINE;20;limited ;1210
aug.-23;407;Roses;3,11902695;42,22663918;51,006;0,238;89;123;;1,0947;1;Mono;Cymodocea;COASTLINE;20;limited ;1210
aug.-23;408;Roses;3,11907102;42,22664328;50,828;0,077;26;30;;0,078;1;Mono;Cymodocea;COASTLINE;20;limited ;1210
aug.-23;409;Roses;3,11912256;42,22672574;50,96;0,163;59;91;;0,5369;1;Mono;Cymodocea;COASTLINE;20;limited ;1210
aug.-23;410;Roses;3,11908505;42,22681588;51,014;0,185;58;82;;0,4756;1;Mono;Cymodocea;COASTLINE;20;limited ;1210
aug.-23;411;Roses;3,11905154;42,22681607;51,013;0,157;47;52;;0,2444;1;Mono;Cymodocea;COASTLINE;20;limited ;1210
aug.-23;412;Roses;3,11901226;42,22682087;50,984;0,153;70;87;;0,609;1;Mono;Cymodocea;COASTLINE;20;limited ;1210
aug.-23;413;Roses;3,11899618;42,22684689;50,941;0,098;45;70;;0,315;1;Mono;Cymodocea;COASTLINE;20;limited ;1210
aug.-23;414;Roses;3,11894582;42,2268733;50,81;0,104;63;73;;0,4599;1;Mono;Cymodocea;COASTLINE;20;limited ;1210
aug.-23;415;Roses;3,11893281;42,22689006;50,779;0,144;65;80;;0,52;1;Mono;Cymodocea;COASTLINE;20;limited ;1210
aug.-23;416;Roses;3,11898288;42,22692553;50,837;0,124;39;52;;0,2028;1;Mono;Cymodocea;COASTLINE;20;limited ;1210
aug.-23;417;Roses;3,11905416;42,22687135;51,054;0,248;64;76;;0,4864;1;Mono;Cymodocea;COASTLINE;20;limited ;1210
aug.-23;418;Roses;3,1192068;42,22693126;51,073;0,24;59;97;;0,5723;1;Mono;Cymodocea;COASTLINE;20;limited ;1210
aug.-23;419;Roses;3,11923449;42,22691235;51,074;0,23;83;117;;0,9711;1;Mono;Cymodocea;COASTLINE;20;limited ;1210
aug.-23;420;Roses;3,11930516;42,22688135;50,84;0,115;36;46;;0,1656;1;Mono;Cymodocea;COASTLINE;20;limited ;1210
aug.-23;421;Roses;3,11931025;42,22691863;50,822;0,064;21;35;;0,0735;1;Mono;Cymodocea;COASTLINE;20;limited ;1210
aug.-23;422;Roses;3,11934136;42,22697225;50,846;0,085;27;43;;0,1161;1;Mono;Cymodocea;COASTLINE;20;limited ;1210
aug.-23;423;Roses;3,11935872;42,22698311;50,774;0,068;21;32;;0,0672;1;Mono;Cymodocea;COASTLINE;20;limited ;1210
aug.-23;424;Roses;3,11937831;42,22702148;50,788;0,089;63;97;;0,6111;1;Mono;Cymodocea;COASTLINE;20;limited ;1210
aug.-23;425;Roses;3,11933119;42,22708507;50,952;0,11;45;56;;0,252;1;Mono;Cymodocea;COASTLINE;20;limited ;1210
aug.-23;426;Roses;3,11935813;42,22709875;50,908;0,116;37;49;;0,1813;1;Mono;Cymodocea;COASTLINE;20;limited ;1210
aug.-23;427;Roses;3,11939138;42,22715825;50,874;0,184;63;110;;0,693;1;Mono;Cymodocea;COASTLINE;20;limited ;1210
aug.-23;428;Roses;3,11932801;42,22718811;51,038;0,166;77;81;;0,6237;1;Mono;Cymodocea;COASTLINE;20;limited ;1210
aug.-23;429;Roses;3,11931237;42,22719226;51,073;0,139;56;91;;0,5096;1;Mono;Cymodocea;COASTLINE;20;limited ;1210
aug.-23;430;Roses;3,11932687;42,22730537;51,018;0,109;41;46;;0,1886;1;Mono;Cymodocea;COASTLINE;20;limited ;1210
aug.-23;431;Roses;3,11934314;42,22731733;51,077;0,128;79;108;;0,8532;1;Mono;Cymodocea;COASTLINE;20;limited ;1210
aug.-23;432;Roses;3,11886738;42,22703961;50,374;0,206;56;117;;0,6552;1;Mono;Cymodocea-PROT;PioneerDune;90;limited ;1220
aug.-23;433;Roses;3,11886384;42,22693828;50,642;0,357;116;150;;1,74;1;Mono;Cymodocea-PROT;PioneerDune;90;limited ;1220
aug.-23;434;Roses;3,11881559;42,226869;50,257;0,083;29;49;;0,1421;1;Mono;Cymodocea-PROT;PioneerDune;90;limited ;1220
aug.-23;435;Roses;3,11873096;42,22685523;50,353;0,18;46;67;;0,3082;1;Mono;Cymodocea-PROT;PioneerDune;90;limited ;1220
aug.-23;436;Roses;3,11866831;42,22687347;50,275;0,163;59;96;;0,5664;1;Mono;Cymodocea-PROT;PioneerDune;90;limited ;1220
aug.-23;437;Roses;3,11864278;42,22680926;50,216;0,102;22;67;;0,1474;1;Mono;Cymodocea-PROT;PioneerDune;90;limited ;1220
aug.-23;438;Roses;3,11865902;42,22675984;50,417;0,169;67;93;;0,6231;1;Mono;Cymodocea-PROT;PioneerDune;90;limited ;1220
aug.-23;439;Roses;3,11867308;42,2267505;50,405;0,174;59;90;;0,531;1;Mono;Cymodocea-PROT;PioneerDune;90;limited ;1220
aug.-23;440;Roses;3,11866686;42,22673458;50,543;0,275;100;118;;1,18;1;Mono;Cymodocea-PROT;PioneerDune;90;limited ;1220
aug.-23;441;Roses;3,1186547;42,22671945;50,505;0,176;57;90;;0,513;1;Mono;Cymodocea-PROT;PioneerDune;90;limited ;1220
aug.-23;442;Roses;3,11859625;42,22672249;50,353;0,119;32;72;;0,2304;1;Mono;Cymodocea-PROT;PioneerDune;90;limited ;1220
aug.-23;443;Roses;3,1185013;42,22669312;50,48;0,265;82;119;;0,9758;1;Mono;Cymodocea-PROT;PioneerDune;90;limited ;1220
aug.-23;444;Roses;3,11848005;42,22667291;50,408;0,165;23;55;;0,1265;1;Mono;Cymodocea-PROT;PioneerDune;90;limited ;1220
aug.-23;445;Roses;3,11846866;42,2266981;50,497;0,18;62;93;;0,5766;1;Mono;Cymodocea-PROT;PioneerDune;90;limited ;1220
aug.-23;446;Roses;3,11847049;42,22673033;50,567;0,238;125;180;;2,25;1;Mono;Cymodocea-PROT;PioneerDune;90;limited ;1220
aug.-23;447;Roses;3,11844308;42,22671504;50,506;0,113;62;82;29;0,5084;1;Mono;CAK-PROT;PioneerDune;90;limited ;1220
aug.-23;448;Roses;3,11838592;42,22672446;50,679;0,109;66;105;;0,693;1;Mono;Cymodocea-PROT;PioneerDune;90;limited ;1220
aug.-23;449;Roses;3,11844034;42,22675777;50,635;0,221;52;108;;0,5616;1;Mono;Cymodocea-PROT;PioneerDune;90;limited ;1220
aug.-23;450;Roses;3,11840823;42,22679855;51,087;0,378;118;132;57;1,5576;1;Mono;AMM-PROT;PioneerDune;90;limited ;1220
aug.-23;451;Roses;3,11837929;42,22678078;51,059;0,211;77;91;41;0,7007;1;Mono;AMM-PROT;PioneerDune;90;limited ;1220
aug.-23;452;Roses;3,11833301;42,22677026;51,196;0,308;105;140;75;1,47;1;Mono;AMM-PROT;PioneerDune;90;limited ;1220
aug.-23;453;Roses;3,11831383;42,22680067;51,41;0,216;85;150;80;1,275;1;Mono;AMM-PROT;PioneerDune;90;limited ;1220
aug.-23;454;Roses;3,11829697;42,22680507;51,31;0,095;66;75;47;0,495;1;Mono;AMM-PROT;PioneerDune;90;limited ;1220
aug.-23;455;Roses;3,1182699;42,22683454;51,365;0,099;55;59;20;0,3245;1;Mono;EUPH-PROT;PioneerDune;90;limited ;1220
aug.-23;456;Roses;3,11828587;42,22685061;51,618;0,108;59;84;25;0,4956;1;Mono;EUPH-PROT;PioneerDune;90;limited ;1220
aug.-23;457;Roses;3,11831787;42,22686701;51,518;0,067;28;32;18;0,0896;1;Mono;EUPH-PROT;PioneerDune;90;limited ;1220
aug.-23;458;Roses;3,11834958;42,22687517;51,418;0,1;38;44;28;0,1672;1;Mono;EUPH-PROT;PioneerDune;90;limited ;1220
aug.-23;459;Roses;3,11835875;42,22689454;51,496;0,107;29;42;22;0,1218;1;Mono;EUPH-PROT;PioneerDune;90;limited ;1220
aug.-23;460;Roses;3,11835843;42,2268904;51,469;0,09;29;31;10;0,0899;1;Mono;EUPH-PROT;PioneerDune;90;limited ;1220
aug.-23;461;Roses;3,1183661;42,22690204;51,465;0,088;41;50;18;0,205;1;Mono;EUPH-PROT;PioneerDune;90;limited ;1220
aug.-23;462;Roses;3,11837387;42,22691735;51,453;0,054;19;22;12;0,0418;1;Mono;EUPH-PROT;PioneerDune;90;limited ;1220
aug.-23;463;Roses;3,11812642;42,22660989;50,998;0,449;119;172;80;2,0468;2;Multi;AMM-PROT;PioneerDune;90;limited ;1220
aug.-23;464;Roses;3,11807107;42,2266248;51,048;0,22;67;91;70;0,6097;1;Mono;AMM-PROT;PioneerDune;90;limited ;1220
aug.-23;465;Roses;3,11801257;42,22654315;50,981;0,181;73;91;54;0,6643;1;Mono;AMM-PROT;PioneerDune;90;limited ;1220
aug.-23;466;Roses;3,11800531;42,22655135;50,925;0,085;38;39;28;0,1482;1;Mono;AMM-PROT;PioneerDune;90;limited ;1220
aug.-23;467;Roses;3,11809349;42,2265222;50,547;0,111;74;77;20;0,5698;1;Mono;CAK-PROT;PioneerDune;90;limited ;1220
aug.-23;468;Roses;3,11816294;42,22651557;50,451;0,065;102;115;23;1,173;1;Mono;CAK-PROT;PioneerDune;90;limited ;1220
aug.-23;469;Roses;3,11819928;42,22648753;50,522;0,083;72;96;26;0,6912;1;Mono;CAK-PROT;PioneerDune;90;limited ;1220
aug.-23;470;Roses;3,11818975;42,22647027;50,538;0,074;75;87;27;0,6525;1;Mono;CAK-PROT;PioneerDune;90;limited ;1220
aug.-23;471;Roses;3,11820558;42,22646661;50,474;0,062;21;40;14;0,084;1;Mono;CAK-PROT;PioneerDune;90;limited ;1220
aug.-23;472;Roses;3,11824517;42,2264689;50,428;0,038;26;37;15;0,0962;1;Mono;CAK-PROT;PioneerDune;90;limited ;1220
aug.-23;473;Torredembarra;1,41891072;41,14632423;51,115;0,169;40;140;50;0,56;1;Mono;AMM;Dune;50;limited ;1210
aug.-23;474;Torredembarra;1,41889933;41,14635003;50,829;0,079;15;25;;0,0375;1;Mono;Cymodocea;COASTLINE;50;limited ;1210
aug.-23;475;Torredembarra;1,41885585;41,14637809;50,795;0,099;35;45;;0,1575;1;Mono;Cymodocea;COASTLINE;50;limited ;1210
aug.-23;476;Torredembarra;1,41883729;41,14634864;50,835;0,102;60;85;;0,51;1;Mono;Cymodocea;COASTLINE;50;limited ;1210
aug.-23;477;Torredembarra;1,41879126;41,14637008;50,967;0,079;30;50;;0,15;1;Mono;Cymodocea;COASTLINE;50;limited ;1210
aug.-23;478;Torredembarra;1,41894298;41,14636607;50,979;0,174;80;90;65;0,72;1;Mono;AMM;Dune;50;limited ;1210
aug.-23;479;Torredembarra;1,41896743;41,14637318;51,157;0,198;90;120;40;1,08;1;Mono;ECHINO;Dune;50;limited ;1210
aug.-23;480;Torredembarra;1,41896858;41,14639139;51,169;0,158;45;75;35;0,3375;1;Mono;ECHINO;Dune;50;limited ;1210
aug.-23;481;Torredembarra;1,41900288;41,14637652;51,121;0,118;35;45;35;0,1575;1;Mono;ECHINO;Dune;50;limited ;1210
aug.-23;482;Torredembarra;1,41903255;41,14636808;51,14;0,046;10;30;5;0,03;1;Mono;ECHINO;Dune;50;limited ;1210
aug.-23;483;Torredembarra;1,41902878;41,14647215;51,065;0,044;40;50;35;0,2;1;Mono;ECHINO;Dune;50;limited ;1210
aug.-23;484;Torredembarra;1,41899653;41,14645957;51,248;0,039;20;65;45;0,13;1;Mono;ECHINO;Dune;50;limited ;1210
aug.-23;485;Torredembarra;1,41895286;41,14648865;51,218;0,076;70;80;25;0,56;1;Mono;ECHINO;Dune;50;limited ;1210
aug.-23;486;Torredembarra;1,41893568;41,14654905;51,264;0,066;80;120;80;0,96;1;Mono;ECHINO;Dune;50;limited ;1210
aug.-23;487;Torredembarra;1,41898257;41,1465446;51,322;0,066;50;75;45;0,375;2;Multi;ECHINO;Dune;50;limited ;1210
aug.-23;488;Torredembarra;1,41973018;41,14657878;51,152;0,113;75;95;25;0,7125;1;Mono;SALS;Dune;50;limited ;1210
aug.-23;489;Torredembarra;1,4197415;41,14658512;51,284;0,167;35;65;50;0,2275;1;Mono;ECHINO;Dune;50;limited ;1210
aug.-23;490;Torredembarra;1,41968009;41,1466949;51,08;0,162;105;140;50;1,47;2;Multi;ECHINO;Dune;50;limited ;1210
aug.-23;491;Torredembarra;1,4196525;41,14670007;51,16;0,123;40;50;25;0,2;1;Mono;ECHINO;Dune;50;limited ;1210
aug.-23;492;Torredembarra;1,41966345;41,14671057;51,073;0,073;30;40;15;0,12;1;Mono;ECHINO;Dune;50;limited ;1210
aug.-23;493;Torredembarra;1,41957362;41,14675296;52,077;0,142;100;120;30;1,2;1;Mono;ECHINO;Dune;50;limited ;1210
aug.-23;494;Torredembarra;1,4195117;41,14682361;52,947;0,059;75;75;50;0,5625;1;Mono;AMM;Dune;50;limited ;1210
aug.-23;495;Torredembarra;1,41946082;41,14679024;52,854;0,073;130;130;120;1,69;1;Mono;AMM;Dune;50;limited ;1210
aug.-23;496;Torredembarra;1,42022784;41,14701198;51,284;0,129;80;80;45;0,64;1;Mono;ECHINO;Dune;50;limited ;1210
aug.-23;497;Torredembarra;1,4203439;41,14703502;51,175;0,048;75;75;35;0,5625;1;Mono;ECHINO;Dune;50;limited ;1210
aug.-23;498;Torredembarra;1,42048912;41,14698138;51,613;0,213;55;100;60;0,55;1;Mono;AMM;Dune;50;limited ;1210
aug.-23;499;Torredembarra;1,42049142;41,1471676;50,964;0,086;55;65;20;0,3575;1;Mono;AMM;Dune;50;limited ;1210
aug.-23;500;Torredembarra;1,42054227;41,14732615;52,636;0,283;120;125;135;1,5;2;Multi;AMM;Dune;50;limited ;1210
aug.-23;501;Torredembarra;1,42088058;41,14730506;52,415;0,111;35;45;40;0,1575;1;Mono;AMM;Dune;50;limited ;1210
aug.-23;502;Torredembarra;1,42089345;41,14725793;52,085;0,193;55;130;60;0,715;1;Mono;AMM;Dune;50;limited ;1210
aug.-23;503;Torredembarra;1,42084111;41,14719707;52,152;0,174;80;100;60;0,8;1;Mono;AMM;Dune;50;limited ;1210
aug.-23;504;Torredembarra;1,42081283;41,14721131;52,277;0,18;120;140;70;1,68;1;Mono;AMM;Dune;50;limited ;1210
aug.-23;505;Torredembarra;1,42079952;41,14719545;52,287;0,095;25;35;55;0,0875;1;Mono;AMM;Dune;50;limited ;1210
aug.-23;506;Torredembarra;1,42079938;41,14718251;52,325;0,127;40;55;45;0,22;1;Mono;AMM;Dune;50;limited ;1210
aug.-23;507;Torredembarra;1,42077372;41,14718065;52,446;0,174;40;85;60;0,34;2;Multi;ECHINO;Dune;50;limited ;1210
aug.-23;508;Torredembarra;1,42079588;41,14711184;51,289;0,131;25;40;;0,1;1;Mono;Cymodocea;COASTLINE;50;limited ;1210
aug.-23;509;Torredembarra;1,42078834;41,14711342;51,385;0,123;55;60;;0,33;1;Mono;Cymodocea;COASTLINE;50;limited ;1210
aug.-23;510;Torredembarra;1,42075351;41,14707997;51,31;0,253;100;130;;1,3;1;Mono;Cymodocea;COASTLINE;50;limited ;1210
aug.-23;511;Torredembarra;1,42072837;41,14708118;51,474;0,224;40;45;;0,18;1;Mono;Cymodocea;COASTLINE;50;limited ;1210
aug.-23;512;Torredembarra;1,42068726;41,14709357;52,536;0,213;55;140;70;0,77;2;Multi;ECHINO;Dune;50;limited ;1210
aug.-23;513;Torredembarra;1,42060658;41,14706539;52,604;0,107;100;120;50;1,2;2;Multi;ECHINO;Dune;50;limited ;1210
aug.-23;515;Los Lances;-5,6456396;36,04988576;41,746;0,212;89;101;13;0,8989;1;Mono;CAK;COASTLINE;50;extensive ;2130
aug.-23;516;Los Lances;-5,64559799;36,04989232;41,777;0,223;58;121;31;0,7018;1;Mono;CAK;COASTLINE;50;extensive ;2130
aug.-23;517;Los Lances;-5,64559642;36,04986851;41,732;0,263;57;141;61;0,8037;1;Mono;SALS;COASTLINE;50;extensive ;2130
aug.-23;518;Los Lances;-5,64564107;36,04981442;41,825;0,26;84;90;13;0,756;1;Mono;CAK;COASTLINE;50;extensive ;2130
aug.-23;519;Los Lances;-5,64558436;36,04980448;41,726;0,169;65;90;26;0,585;1;Mono;CAK;COASTLINE;50;extensive ;2130
aug.-23;520;Los Lances;-5,6455449;36,04977812;41,839;0,256;66;80;26;0,528;1;Mono;CAK;COASTLINE;50;extensive ;2130
aug.-23;521;Los Lances;-5,64560103;36,04984425;41,725;0,198;120;161;21;1,932;1;Mono;CAK;COASTLINE;50;extensive ;2130
aug.-23;522;Los Lances;-5,64554556;36,04977706;41,82;0,256;79;122;31;0,9638;1;Mono;CAK;COASTLINE;50;extensive ;2130
aug.-23;523;Los Lances;-5,64553241;36,04979099;41,75;0,208;46;68;39;0,3128;1;Mono;CAK;COASTLINE;50;extensive ;2130
aug.-23;524;Los Lances;-5,64553653;36,0498173;41,667;0,135;41;79;18;0,3239;1;Mono;CAK;COASTLINE;50;extensive ;2130
aug.-23;525;Los Lances;-5,64551648;36,0498326;41,69;0,16;105;130;51;1,365;1;Mono;CAK;COASTLINE;50;extensive ;2130
aug.-23;526;Los Lances;-5,64550783;36,04984934;41,708;0,165;115;117;41;1,3455;1;Mono;CAK;COASTLINE;50;extensive ;2130
aug.-23;527;Los Lances;-5,64549068;36,049814;41,662;0,148;40;73;31;0,292;1;Mono;SALS;COASTLINE;50;extensive ;2130
aug.-23;528;Los Lances;-5,64550779;36,04982193;41,639;0,101;81;172;69;1,3932;1;Mono;SALS;COASTLINE;50;extensive ;2130
aug.-23;529;Los Lances;-5,64543188;36,04978436;41,629;0,183;114;141;64;1,6074;1;Mono;SALS;COASTLINE;50;extensive ;2130
aug.-23;530;Los Lances;-5,64539955;36,04984411;41,607;0,081;110;140;40;1,54;1;Mono;SALS;COASTLINE;50;extensive ;2130
aug.-23;531;Los Lances;-5,64538249;36,04986875;41,645;0,106;113;153;58;1,7289;1;Mono;CAK;PioneerDune;50;extensive ;2130
aug.-23;532;Los Lances;-5,64523603;36,04962446;41,606;0,124;70;104;52;0,728;1;Mono;CAK;PioneerDune;50;extensive ;2130
aug.-23;533;Los Lances;-5,64522558;36,04964556;41,572;0,122;90;120;61;1,08;1;Mono;SALS;PioneerDune;50;extensive ;2130
aug.-23;534;Los Lances;-5,64522434;36,04959872;41,581;0,063;66;79;49;0,5214;1;Mono;SALS;PioneerDune;50;extensive ;2130
aug.-23;535;Los Lances;-5,6452144;36,0496035;41,586;0,071;66;114;57;0,7524;1;Mono;SALS;PioneerDune;50;extensive ;2130
aug.-23;536;Los Lances;-5,64520337;36,04961203;41,648;0,151;70;92;58;0,644;1;Mono;SALS;PioneerDune;50;extensive ;2130
aug.-23;537;Los Lances;-5,64520582;36,04959052;41,649;0,116;63;83;87;0,5229;1;Mono;SALS;PioneerDune;50;extensive ;2130
aug.-23;538;Los Lances;-5,64520307;36,04958591;41,606;0,07;148;186;72;2,7528;1;Mono;SALS;PioneerDune;50;extensive ;2130
aug.-23;539;Los Lances;-5,64515586;36,04949495;42,462;0,824;40;60;24;0,24;1;Mono;AMM;PioneerDune;50;extensive ;2130
aug.-23;540;Los Lances;-5,64502518;36,04930448;42,003;0,228;231;284;80;6,5604;1;Mono;CAK;PioneerDune;50;extensive ;2130
aug.-23;541;Los Lances;-5,64479632;36,04929994;42,78;1,025;320;396;93;12,672;1;Mono;AMM;PioneerDune;50;extensive ;2130
aug.-23;542;Los Lances;-5,64474808;36,0492281;43,312;1,566;78;93;63;0,7254;2;Multi;AMM;PioneerDune;50;extensive ;2130
aug.-23;543;Los Lances;-5,64457109;36,0491552;41,673;0,183;15;30;11;0,045;1;Mono;SALS;PioneerDune;50;extensive ;2130
aug.-23;544;Los Lances;-5,64444161;36,04913216;41,586;0,128;35;39;26;0,1365;1;Mono;SALS;PioneerDune;50;extensive ;2130
aug.-23;545;Los Lances;-5,64443253;36,04913193;41,584;0,055;114;120;66;1,368;1;Mono;SALS;PioneerDune;50;extensive ;2130
aug.-23;546;Los Lances;-5,64427634;36,04893521;41,697;0,211;59;120;56;0,708;1;Mono;SALS;PioneerDune;50;extensive ;2130
aug.-23;547;Los Lances;-5,64426809;36,04898591;41,65;0,171;57;66;51;0,3762;1;Mono;SALS;PioneerDune;50;extensive ;2130
aug.-23;548;Los Lances;-5,64424559;36,04899569;41,641;0,053;30;71;42;0,213;1;Mono;SALS;PioneerDune;50;extensive ;2130
aug.-23;549;Los Lances;-5,64425693;36,04893536;41,55;0,066;40;84;37;0,336;1;Mono;SALS;PioneerDune;50;extensive ;2130
aug.-23;550;Los Lances;-5,64427547;36,04892405;41,572;0,112;38;71;41;0,2698;1;Mono;POLY;PioneerDune;50;extensive ;2130
aug.-23;551;Los Lances;-5,64427624;36,04894507;41,532;0,025;48;73;31;0,3504;1;Mono;POLY;PioneerDune;50;extensive ;2130
aug.-23;552;Los Lances;-5,64427263;36,0489686;41,552;0,058;110;183;30;2,013;1;Mono;POLY;PioneerDune;50;extensive ;2130
aug.-23;553;Los Lances;-5,64418615;36,04879889;42,22;0,673;130;287;41;3,731;2;Multi;AMM;PioneerDune;50;extensive ;2130
aug.-23;554;Los Lances;-5,64414048;36,0488115;42,613;1,054;35;60;43;0,21;2;Multi;AMM;PioneerDune;50;extensive ;2130
aug.-23;555;Los Lances;-5,64419693;36,04869815;41,855;0,063;25;36;39;0,09;2;Multi;AMM;PioneerDune;50;extensive ;2130
aug.-23;556;Los Lances;-5,64417533;36,04867295;41,979;0,148;40;110;91;0,44;1;Mono;AMM;PioneerDune;50;extensive ;2130
aug.-23;557;Los Lances;-5,64397726;36,04870751;42,298;0,695;73;98;83;0,7154;1;Mono;AMM;PioneerDune;50;extensive ;2130
aug.-23;558;Los Lances;-5,64398263;36,04872196;42,321;0,78;59;102;91;0,6018;1;Mono;AMM;PioneerDune;50;extensive ;2130
aug.-23;559;Los Lances;-5,64384663;36,04879559;42,404;0,608;70;140;88;0,98;1;Mono;AMM;PioneerDune;50;extensive ;2130
aug.-23;560;Los Lances;-5,64376611;36,04873864;42,14;0,308;93;263;63;2,4459;1;Mono;AMM;PioneerDune;50;extensive ;2130
aug.-23;561;Los Lances;-5,64378414;36,04868584;42,163;0,412;108;151;37;1,6308;1;Mono;AMM;PioneerDune;50;extensive ;2130
aug.-23;562;Los Lances;-5,64376553;36,04866187;41,926;0,348;71;137;38;0,9727;1;Mono;AMM;PioneerDune;50;extensive ;2130
aug.-23;563;Los Lances;-5,64390107;36,04860919;41,722;0,267;69;152;57;1,0488;1;Mono;AMM;PioneerDune;50;extensive ;2130
aug.-23;564;Los Lances;-5,64384017;36,0485837;41,999;0,567;72;161;58;1,1592;1;Mono;AMM;PioneerDune;50;extensive ;2130
aug.-23;565;Los Lances;-5,63581134;36,04143398;41,05;0,07;7;13;;0,0091;1;Mono;Rugulopteryx;COASTLINE;10;extensive ;2130
aug.-23;566;Los Lances;-5,63578483;36,04140075;41,03;0,075;9;16;;0,0144;1;Mono;Rugulopteryx;COASTLINE;10;extensive ;2130
aug.-23;567;Los Lances;-5,63576964;36,04139415;41,074;0,102;9;30;;0,027;1;Mono;Rugulopteryx;COASTLINE;10;extensive ;2130
aug.-23;568;Los Lances;-5,63575072;36,04138652;41,033;0,041;11;20;;0,022;1;Mono;Rugulopteryx;COASTLINE;10;extensive ;2130
aug.-23;569;Los Lances;-5,6357472;36,0413863;41,027;0,07;10;15;;0,015;1;Mono;Rugulopteryx;COASTLINE;10;extensive ;2130
aug.-23;570;Los Lances;-5,63574441;36,04138843;41,034;0,092;13;24;;0,0312;1;Mono;Rugulopteryx;COASTLINE;10;extensive ;2130
aug.-23;571;Los Lances;-5,63575468;36,04137824;41,035;0,042;7;28;;0,0196;1;Mono;Rugulopteryx;COASTLINE;10;extensive ;2130
aug.-23;572;Los Lances;-5,63574455;36,04137265;41,013;0,023;9;11;;0,0099;1;Mono;Rugulopteryx;COASTLINE;10;extensive ;2130
aug.-23;573;Los Lances;-5,63574497;36,04137099;41,025;0,051;3;13;;0,0039;1;Mono;Rugulopteryx;COASTLINE;10;extensive ;2130
aug.-23;574;Los Lances;-5,63573616;36,04134486;41,108;0,074;15;36;;0,054;1;Mono;Rugulopteryx;COASTLINE;10;extensive ;2130
aug.-23;575;Los Lances;-5,63572869;36,04134831;41,134;0,085;10;30;;0,03;1;Mono;Rugulopteryx;COASTLINE;10;extensive ;2130
aug.-23;576;Los Lances;-5,63568364;36,04131621;41;0,04;9;12;;0,0108;1;Mono;Rugulopteryx;COASTLINE;10;extensive ;2130
aug.-23;577;Los Lances;-5,63569423;36,04130272;41,03;0,079;3;12;;0,0036;1;Mono;Rugulopteryx;COASTLINE;10;extensive ;2130
aug.-23;578;Los Lances;-5,63568772;36,0413036;41,152;0,123;10;27;;0,027;1;Mono;Rugulopteryx;COASTLINE;10;extensive ;2130
aug.-23;579;Los Lances;-5,6356663;36,04118114;41,032;0,063;15;32;;0,048;1;Mono;Rugulopteryx;COASTLINE;10;extensive ;2130
aug.-23;580;Los Lances;-5,6354003;36,04114539;40,983;0,024;8;15;;0,012;1;Mono;Rugulopteryx;COASTLINE;10;extensive ;2130
aug.-23;581;Los Lances;-5,63540606;36,04113347;41,007;0,038;8;9;;0,0072;1;Mono;Rugulopteryx;COASTLINE;10;extensive ;2130
aug.-23;582;Los Lances;-5,63540688;36,04113039;41,012;0,033;8;12;;0,0096;1;Mono;Rugulopteryx;COASTLINE;10;extensive ;2130
aug.-23;583;Los Lances;-5,63529848;36,04099973;41,144;0,045;16;21;;0,0336;1;Mono;Rugulopteryx;COASTLINE;10;extensive ;2130
aug.-23;584;Los Lances;-5,63529679;36,04099493;41,099;0,024;7;17;;0,0119;1;Mono;Rugulopteryx;COASTLINE;10;extensive ;2130
aug.-23;585;Los Lances;-5,63529593;36,04098859;41,157;0,039;8;16;;0,0128;1;Mono;Rugulopteryx;COASTLINE;10;extensive ;2130
aug.-23;586;Los Lances;-5,63528806;36,04098123;41,163;0,067;9;17;;0,0153;1;Mono;Rugulopteryx;COASTLINE;10;extensive ;2130
aug.-23;587;Los Lances;-5,63448628;36,04178064;41,172;0,031;30;36;98;0,108;1;Mono;AMM;PioneerDune;50;extensive ;2130
aug.-23;588;Los Lances;-5,63447151;36,04177284;41,168;0,045;37;40;88;0,148;1;Mono;AMM;PioneerDune;50;extensive ;2130
aug.-23;589;Los Lances;-5,63446567;36,04177098;41,151;0,016;15;20;91;0,03;1;Mono;AMM;PioneerDune;50;extensive ;2130
aug.-23;590;Los Lances;-5,63445095;36,04176232;41,207;0,034;25;39;89;0,0975;1;Mono;AMM;PioneerDune;50;extensive ;2130
aug.-23;591;Los Lances;-5,63440727;36,04173093;41,102;0,022;23;31;91;0,0713;1;Mono;AMM;PioneerDune;50;extensive ;2130
aug.-23;592;Los Lances;-5,6343704;36,04170478;41,128;0,018;23;33;81;0,0759;1;Mono;AMM;PioneerDune;50;extensive ;2130
aug.-23;593;Los Lances;-5,6343487;36,04170373;41,21;0,092;29;38;98;0,1102;1;Mono;AMM;PioneerDune;50;extensive ;2130
aug.-23;594;Los Lances;-5,63434306;36,04169471;41,148;0,033;25;28;99;0,07;1;Mono;AMM;PioneerDune;50;extensive ;2130
aug.-23;595;Los Lances;-5,63431608;36,04167547;41,158;0,04;21;33;67;0,0693;1;Mono;AMM;PioneerDune;50;extensive ;2130
aug.-23;596;Los Lances;-5,63426903;36,04163395;41,179;0,094;38;47;2;0,1786;1;Mono;SALI;PioneerDune;50;extensive ;1310
aug.-23;597;Los Lances;-5,63426675;36,04163059;41,158;0,064;17;21;3;0,0357;1;Mono;SALI;PioneerDune;50;extensive ;1310
aug.-23;598;Los Lances;-5,63426032;36,04163066;41,17;0,066;27;29;7;0,0783;1;Mono;SALI;PioneerDune;50;extensive ;1310
aug.-23;599;Los Lances;-5,63426115;36,04162485;41,163;0,105;21;75;3;0,1575;1;Mono;SALI;PioneerDune;50;extensive ;1310
aug.-23;600;Los Lances;-5,63429818;36,04165304;41,145;0,064;19;32;5;0,0608;1;Mono;SALI;PioneerDune;50;extensive ;1310
aug.-23;601;Los Lances;-5,63433128;36,04166505;41,15;0,073;18;30;4;0,054;1;Mono;SALI;PioneerDune;50;extensive ;1310
aug.-23;602;Los Lances;-5,63434197;36,04166902;41,131;0,04;21;27;2;0,0567;1;Mono;SALI;PioneerDune;50;extensive ;1310
aug.-23;603;Los Lances;-5,63434043;36,04167178;41,135;0,042;15;23;3;0,0345;1;Mono;SALI;PioneerDune;50;extensive ;1310
aug.-23;604;Los Lances;-5,6343955;36,04168542;41,113;0,036;18;32;5;0,0576;1;Mono;SALI;PioneerDune;50;extensive ;1310
aug.-23;605;Los Lances;-5,6344041;36,04169002;41,151;0,084;21;34;3;0,0714;1;Mono;SALI;PioneerDune;50;extensive ;1310
aug.-23;606;Los Lances;-5,63441502;36,04170448;41,131;0,064;19;33;9;0,0627;1;Mono;SALI;PioneerDune;50;extensive ;1310
aug.-23;607;Los Lances;-5,6344187;36,04172035;41,125;0,031;20;25;7;0,05;1;Mono;SALI;PioneerDune;50;extensive ;1310
aug.-23;608;Los Lances;-5,63441116;36,04173278;41,157;0,029;19;29;8;0,0551;1;Mono;SALI;PioneerDune;50;extensive ;1310
aug.-23;609;Los Lances;-5,63408866;36,04149355;41,194;0,089;14;28;;0,0392;1;Mono;Rugulopteryx;COASTLINE;10;extensive ;2130
aug.-23;610;Los Lances;-5,63409157;36,04150324;41,24;0,112;11;13;;0,0143;1;Mono;Rugulopteryx;COASTLINE;10;extensive ;2130
aug.-23;611;Los Lances;-5,63406421;36,04147997;41,374;0,146;87;130;52;1,131;1;Mono;CAK;PioneerDune;50;extensive ;2130
aug.-23;612;Los Lances;-5,63405753;36,04150588;41,516;0,103;28;30;56;0,084;1;Mono;AMM;PioneerDune;50;extensive ;2130
aug.-23;613;Los Lances;-5,63405413;36,04150206;41,465;0,112;27;31;81;0,0837;2;Multi;AMM;PioneerDune;50;extensive ;2130
aug.-23;614;Los Lances;-5,63404753;36,04149748;41,469;0,095;79;159;57;1,2561;2;Multi;AMM;PioneerDune;50;extensive ;2130
febr.-24;615;Valdelagrana;-6,2259113;36,54769012;45,722;0,835;200;240;100;4,8;2;Multi;LIM;PioneerDune;30;extensive ;1310
febr.-24;616;Valdelagrana;-6,22584378;36,54775864;45,969;0,986;110;230;35;2,53;2;Multi;LIM;PioneerDune;30;extensive ;1310
febr.-24;617;Valdelagrana;-6,22570066;36,54809978;47,089;0,31;80;100;20;0,8;2;Multi;SPO;PioneerDune;30;extensive ;2110
febr.-24;618;Valdelagrana;-6,22571913;36,54811499;47,301;0,323;110;95;65;1,045;2;Multi;SPO;PioneerDune;30;extensive ;2110
febr.-24;619;Valdelagrana;-6,22545975;36,54852555;46,259;0,211;47;87;52;0,4089;2;Multi;LIM;PioneerDune;30;extensive ;1310
febr.-24;620;Valdelagrana;-6,22532338;36,54948553;46,716;0,483;175;200;25;3,5;2;Multi;SPO;PioneerDune;30;extensive ;2110
febr.-24;621;Valdelagrana;-6,22530998;36,54950019;46,947;0,173;47;110;35;0,517;2;Multi;SPO;PioneerDune;30;extensive ;2110
febr.-24;622;Valdelagrana;-6,22528859;36,54985762;47,67;0,158;100;120;61;1,2;2;Multi;AMM;PioneerDune;30;extensive ;2120
febr.-24;623;Valdelagrana;-6,22528307;36,54991726;47,649;0,303;51;200;62;1,02;1;Mono;AMM;PioneerDune;30;extensive ;2120
febr.-24;624;Valdelagrana;-6,22531293;36,55001552;47,338;0,217;41;74;31;0,3034;1;Mono;AMM;PioneerDune;30;extensive ;2120
febr.-24;625;Valdelagrana;-6,22429039;36,55079373;45,505;1,07;195;280;61;5,46;1;Mono;AMM;PioneerDune;30;extensive ;2120
febr.-24;626;Valdelagrana;-6,22425148;36,55001517;45,476;0,014;41;55;18;0,2255;1;Mono;LIM;PioneerDune;30;extensive ;1310
febr.-24;627;Valdelagrana;-6,22463187;36,55111163;45,916;0,042;46;110;95;0,506;1;Mono;AMM;PioneerDune;30;extensive ;2120
febr.-24;628;Valdelagrana;-6,22463535;36,55112203;45,925;0,061;45;66;100;0,297;1;Mono;AMM;PioneerDune;30;extensive ;2120
febr.-24;629;Valdelagrana;-6,22466407;36,5511434;45,986;0,155;78;86;98;0,6708;1;Mono;AMM;PioneerDune;30;extensive ;2120
febr.-24;630;Valdelagrana;-6,22467021;36,5512344;46,177;0,136;48;97;97;0,4656;1;Mono;AMM;PioneerDune;30;extensive ;2120
febr.-24;631;Valdelagrana;-6,22465368;36,55123555;46,244;0,103;38;108;87;0,4104;1;Mono;AMM;PioneerDune;30;extensive ;2120
febr.-24;632;Valdelagrana;-6,22464527;36,55157002;46,209;0,253;37;102;80;0,3774;1;Mono;AMM;PioneerDune;30;extensive ;2120
febr.-24;633;Valdelagrana;-6,22447492;36,5518123;45,944;0,394;129;180;51;2,322;1;Mono;LIM;PioneerDune;30;extensive ;1310
febr.-24;634;Valdelagrana;-6,22452734;36,55205318;46,114;0,056;38;76;105;0,2888;1;Mono;AMM;PioneerDune;30;extensive ;2120
febr.-24;635;Valdelagrana;-6,2245392;36,55212581;46,154;0,16;60;160;138;0,96;1;Mono;AMM;PioneerDune;30;extensive ;2120
